129,java.lang.ArrayIndexOutOfBoundsException : examples.faulty.FlightDistance$$anonfun$5.apply(FlightDistance.scala:31),examples.faulty.FlightDistance$$anonfun$5.apply(FlightDistance.scala:31),scala.collection.TraversableLike$$anonfun$map$1.apply(TraversableLike.scala:234),scala.collection.TraversableLike$$anonfun$map$1.apply(TraversableLike.scala:234),scala.collection.immutable.List.foreach(List.scala:381),scala.collection.TraversableLike$class.map(TraversableLike.scala:234),scala.collection.immutable.List.map(List.scala:285),abstraction.BaseRDD.map(BaseRDD.scala:17),abstraction.BaseRDD.map(BaseRDD.scala:6),examples.faulty.FlightDistance$.main(FlightDistance.scala:31),runners.Config$$anonfun$2.apply(Config.scala:67),runners.Config$$anonfun$2.apply(Config.scala:67),fuzzer.Fuzzer$.Fuzz(Fuzzer.scala:60),runners.RunBigFuzzJar$.main(RunBigFuzzJar.scala:34),runners.RunBigFuzzJar.main(RunBigFuzzJar.scala)
1414,java.lang.RuntimeException : examples.faulty.FlightDistance$.toRad(FlightDistance.scala:69),examples.faulty.FlightDistance$.distance(FlightDistance.scala:49),examples.faulty.FlightDistance$$anonfun$8.apply(FlightDistance.scala:41),examples.faulty.FlightDistance$$anonfun$8.apply(FlightDistance.scala:39),scala.collection.TraversableLike$$anonfun$map$1.apply(TraversableLike.scala:234),scala.collection.TraversableLike$$anonfun$map$1.apply(TraversableLike.scala:234),scala.collection.immutable.List.foreach(List.scala:381),scala.collection.TraversableLike$class.map(TraversableLike.scala:234),scala.collection.immutable.List.map(List.scala:285),abstraction.BasePairRDD.map(BasePairRDD.scala:5),examples.faulty.FlightDistance$.main(FlightDistance.scala:39),runners.Config$$anonfun$2.apply(Config.scala:67),runners.Config$$anonfun$2.apply(Config.scala:67),fuzzer.Fuzzer$.Fuzz(Fuzzer.scala:60),runners.RunBigFuzzJar$.main(RunBigFuzzJar.scala:34),runners.RunBigFuzzJar.main(RunBigFuzzJar.scala)
2936,java.lang.ArrayIndexOutOfBoundsException : examples.faulty.FlightDistance$$anonfun$4.apply(FlightDistance.scala:30),examples.faulty.FlightDistance$$anonfun$4.apply(FlightDistance.scala:30),scala.collection.TraversableLike$$anonfun$map$1.apply(TraversableLike.scala:234),scala.collection.TraversableLike$$anonfun$map$1.apply(TraversableLike.scala:234),scala.collection.immutable.List.foreach(List.scala:381),scala.collection.TraversableLike$class.map(TraversableLike.scala:234),scala.collection.immutable.List.map(List.scala:285),abstraction.BaseRDD.map(BaseRDD.scala:17),abstraction.BaseRDD.map(BaseRDD.scala:6),examples.faulty.FlightDistance$.main(FlightDistance.scala:30),runners.Config$$anonfun$2.apply(Config.scala:67),runners.Config$$anonfun$2.apply(Config.scala:67),fuzzer.Fuzzer$.Fuzz(Fuzzer.scala:60),runners.RunBigFuzzJar$.main(RunBigFuzzJar.scala:34),runners.RunBigFuzzJar.main(RunBigFuzzJar.scala)
3771,java.lang.ArrayIndexOutOfBoundsException : 
5962,java.lang.NumberFormatException : sun.misc.FloatingDecimal.readJavaFormatString(FloatingDecimal.java:1842),sun.misc.FloatingDecimal.parseFloat(FloatingDecimal.java:122),java.lang.Float.parseFloat(Float.java:451),scala.collection.immutable.StringLike$class.toFloat(StringLike.scala:280),scala.collection.immutable.StringOps.toFloat(StringOps.scala:29),examples.faulty.FlightDistance$$anonfun$8.apply(FlightDistance.scala:41),examples.faulty.FlightDistance$$anonfun$8.apply(FlightDistance.scala:39),scala.collection.TraversableLike$$anonfun$map$1.apply(TraversableLike.scala:234),scala.collection.TraversableLike$$anonfun$map$1.apply(TraversableLike.scala:234),scala.collection.immutable.List.foreach(List.scala:381),scala.collection.TraversableLike$class.map(TraversableLike.scala:234),scala.collection.immutable.List.map(List.scala:285),abstraction.BasePairRDD.map(BasePairRDD.scala:5),examples.faulty.FlightDistance$.main(FlightDistance.scala:39),runners.Config$$anonfun$2.apply(Config.scala:67),runners.Config$$anonfun$2.apply(Config.scala:67),fuzzer.Fuzzer$.Fuzz(Fuzzer.scala:60),runners.RunBigFuzzJar$.main(RunBigFuzzJar.scala:34),runners.RunBigFuzzJar.main(RunBigFuzzJar.scala)
12963,java.lang.RuntimeException : examples.faulty.FlightDistance$.toRad(FlightDistance.scala:69),examples.faulty.FlightDistance$.distance(FlightDistance.scala:50),examples.faulty.FlightDistance$$anonfun$8.apply(FlightDistance.scala:41),examples.faulty.FlightDistance$$anonfun$8.apply(FlightDistance.scala:39),scala.collection.TraversableLike$$anonfun$map$1.apply(TraversableLike.scala:234),scala.collection.TraversableLike$$anonfun$map$1.apply(TraversableLike.scala:234),scala.collection.immutable.List.foreach(List.scala:381),scala.collection.TraversableLike$class.map(TraversableLike.scala:234),scala.collection.immutable.List.map(List.scala:285),abstraction.BasePairRDD.map(BasePairRDD.scala:5),examples.faulty.FlightDistance$.main(FlightDistance.scala:39),runners.Config$$anonfun$2.apply(Config.scala:67),runners.Config$$anonfun$2.apply(Config.scala:67),fuzzer.Fuzzer$.Fuzz(Fuzzer.scala:60),runners.RunBigFuzzJar$.main(RunBigFuzzJar.scala:34),runners.RunBigFuzzJar.main(RunBigFuzzJar.scala)
57317,java.lang.ArrayIndexOutOfBoundsException : examples.faulty.FlightDistance$$anonfun$3.apply(FlightDistance.scala:29),examples.faulty.FlightDistance$$anonfun$3.apply(FlightDistance.scala:29),scala.collection.TraversableLike$$anonfun$map$1.apply(TraversableLike.scala:234),scala.collection.TraversableLike$$anonfun$map$1.apply(TraversableLike.scala:234),scala.collection.immutable.List.foreach(List.scala:381),scala.collection.TraversableLike$class.map(TraversableLike.scala:234),scala.collection.immutable.List.map(List.scala:285),abstraction.BaseRDD.map(BaseRDD.scala:17),abstraction.BaseRDD.map(BaseRDD.scala:6),examples.faulty.FlightDistance$.main(FlightDistance.scala:29),runners.Config$$anonfun$2.apply(Config.scala:67),runners.Config$$anonfun$2.apply(Config.scala:67),fuzzer.Fuzzer$.Fuzz(Fuzzer.scala:60),runners.RunBigFuzzJar$.main(RunBigFuzzJar.scala:34),runners.RunBigFuzzJar.main(RunBigFuzzJar.scala)
225895,java.lang.NumberFormatException : sun.misc.FloatingDecimal.readJavaFormatString(FloatingDecimal.java:2043),sun.misc.FloatingDecimal.parseFloat(FloatingDecimal.java:122),java.lang.Float.parseFloat(Float.java:451),scala.collection.immutable.StringLike$class.toFloat(StringLike.scala:280),scala.collection.immutable.StringOps.toFloat(StringOps.scala:29),examples.faulty.FlightDistance$$anonfun$8.apply(FlightDistance.scala:41),examples.faulty.FlightDistance$$anonfun$8.apply(FlightDistance.scala:39),scala.collection.TraversableLike$$anonfun$map$1.apply(TraversableLike.scala:234),scala.collection.TraversableLike$$anonfun$map$1.apply(TraversableLike.scala:234),scala.collection.immutable.List.foreach(List.scala:381),scala.collection.TraversableLike$class.map(TraversableLike.scala:234),scala.collection.immutable.List.map(List.scala:285),abstraction.BasePairRDD.map(BasePairRDD.scala:5),examples.faulty.FlightDistance$.main(FlightDistance.scala:39),runners.Config$$anonfun$2.apply(Config.scala:67),runners.Config$$anonfun$2.apply(Config.scala:67),fuzzer.Fuzzer$.Fuzz(Fuzzer.scala:60),runners.RunBigFuzzJar$.main(RunBigFuzzJar.scala:34),runners.RunBigFuzzJar.main(RunBigFuzzJar.scala)
