1,java.lang.ArrayIndexOutOfBoundsException : examples.faulty.AgeAnalysis$$anonfun$main$2.apply(AgeAnalysis.scala:17),examples.faulty.AgeAnalysis$$anonfun$main$2.apply(AgeAnalysis.scala:16),scala.collection.TraversableLike$$anonfun$map$1.apply(TraversableLike.scala:234),scala.collection.TraversableLike$$anonfun$map$1.apply(TraversableLike.scala:234),scala.collection.immutable.List.foreach(List.scala:381),scala.collection.TraversableLike$class.map(TraversableLike.scala:234),scala.collection.immutable.List.map(List.scala:285),abstraction.BaseRDD.map(BaseRDD.scala:17),abstraction.BaseRDD.map(BaseRDD.scala:6),examples.faulty.AgeAnalysis$.main(AgeAnalysis.scala:15),runners.Config$$anonfun$16.apply(Config.scala:81),runners.Config$$anonfun$16.apply(Config.scala:81),fuzzer.Fuzzer$.Fuzz(Fuzzer.scala:60),runners.RunBigFuzzJar$.main(RunBigFuzzJar.scala:34),runners.RunBigFuzzJar.main(RunBigFuzzJar.scala)
2,java.lang.NumberFormatException : java.lang.NumberFormatException.forInputString(NumberFormatException.java:65),java.lang.Integer.parseInt(Integer.java:580),java.lang.Integer.parseInt(Integer.java:615),scala.collection.immutable.StringLike$class.toInt(StringLike.scala:272),scala.collection.immutable.StringOps.toInt(StringOps.scala:29),examples.faulty.AgeAnalysis$$anonfun$main$2.apply(AgeAnalysis.scala:17),examples.faulty.AgeAnalysis$$anonfun$main$2.apply(AgeAnalysis.scala:16),scala.collection.TraversableLike$$anonfun$map$1.apply(TraversableLike.scala:234),scala.collection.TraversableLike$$anonfun$map$1.apply(TraversableLike.scala:234),scala.collection.immutable.List.foreach(List.scala:381),scala.collection.TraversableLike$class.map(TraversableLike.scala:234),scala.collection.immutable.List.map(List.scala:285),abstraction.BaseRDD.map(BaseRDD.scala:17),abstraction.BaseRDD.map(BaseRDD.scala:6),examples.faulty.AgeAnalysis$.main(AgeAnalysis.scala:15),runners.Config$$anonfun$16.apply(Config.scala:81),runners.Config$$anonfun$16.apply(Config.scala:81),fuzzer.Fuzzer$.Fuzz(Fuzzer.scala:60),runners.RunBigFuzzJar$.main(RunBigFuzzJar.scala:34),runners.RunBigFuzzJar.main(RunBigFuzzJar.scala)
3,java.lang.NumberFormatException : java.lang.NumberFormatException.forInputString(NumberFormatException.java:65),java.lang.Integer.parseInt(Integer.java:592),java.lang.Integer.parseInt(Integer.java:615),scala.collection.immutable.StringLike$class.toInt(StringLike.scala:272),scala.collection.immutable.StringOps.toInt(StringOps.scala:29),examples.faulty.AgeAnalysis$$anonfun$main$2.apply(AgeAnalysis.scala:17),examples.faulty.AgeAnalysis$$anonfun$main$2.apply(AgeAnalysis.scala:16),scala.collection.TraversableLike$$anonfun$map$1.apply(TraversableLike.scala:234),scala.collection.TraversableLike$$anonfun$map$1.apply(TraversableLike.scala:234),scala.collection.immutable.List.foreach(List.scala:381),scala.collection.TraversableLike$class.map(TraversableLike.scala:234),scala.collection.immutable.List.map(List.scala:285),abstraction.BaseRDD.map(BaseRDD.scala:17),abstraction.BaseRDD.map(BaseRDD.scala:6),examples.faulty.AgeAnalysis$.main(AgeAnalysis.scala:15),runners.Config$$anonfun$16.apply(Config.scala:81),runners.Config$$anonfun$16.apply(Config.scala:81),fuzzer.Fuzzer$.Fuzz(Fuzzer.scala:60),runners.RunBigFuzzJar$.main(RunBigFuzzJar.scala:34),runners.RunBigFuzzJar.main(RunBigFuzzJar.scala)
18,java.lang.NumberFormatException : java.lang.NumberFormatException.forInputString(NumberFormatException.java:65),java.lang.Integer.parseInt(Integer.java:580),java.lang.Integer.parseInt(Integer.java:615),scala.collection.immutable.StringLike$class.toInt(StringLike.scala:272),scala.collection.immutable.StringOps.toInt(StringOps.scala:29),examples.faulty.AgeAnalysis$$anonfun$main$3.apply(AgeAnalysis.scala:20),examples.faulty.AgeAnalysis$$anonfun$main$3.apply(AgeAnalysis.scala:19),scala.collection.TraversableLike$$anonfun$filterImpl$1.apply(TraversableLike.scala:248),scala.collection.immutable.List.foreach(List.scala:381),scala.collection.TraversableLike$class.filterImpl(TraversableLike.scala:247),scala.collection.TraversableLike$class.filter(TraversableLike.scala:259),scala.collection.AbstractTraversable.filter(Traversable.scala:104),abstraction.BaseRDD.filter(BaseRDD.scala:13),abstraction.BaseRDD.filter(BaseRDD.scala:6),examples.faulty.AgeAnalysis$.main(AgeAnalysis.scala:19),runners.Config$$anonfun$16.apply(Config.scala:81),runners.Config$$anonfun$16.apply(Config.scala:81),fuzzer.Fuzzer$.Fuzz(Fuzzer.scala:60),runners.RunBigFuzzJar$.main(RunBigFuzzJar.scala:34),runners.RunBigFuzzJar.main(RunBigFuzzJar.scala)
22,java.lang.NumberFormatException : java.lang.NumberFormatException.forInputString(NumberFormatException.java:65),java.lang.Integer.parseInt(Integer.java:592),java.lang.Integer.parseInt(Integer.java:615),scala.collection.immutable.StringLike$class.toInt(StringLike.scala:272),scala.collection.immutable.StringOps.toInt(StringOps.scala:29),examples.faulty.AgeAnalysis$$anonfun$main$3.apply(AgeAnalysis.scala:20),examples.faulty.AgeAnalysis$$anonfun$main$3.apply(AgeAnalysis.scala:19),scala.collection.TraversableLike$$anonfun$filterImpl$1.apply(TraversableLike.scala:248),scala.collection.immutable.List.foreach(List.scala:381),scala.collection.TraversableLike$class.filterImpl(TraversableLike.scala:247),scala.collection.TraversableLike$class.filter(TraversableLike.scala:259),scala.collection.AbstractTraversable.filter(Traversable.scala:104),abstraction.BaseRDD.filter(BaseRDD.scala:13),abstraction.BaseRDD.filter(BaseRDD.scala:6),examples.faulty.AgeAnalysis$.main(AgeAnalysis.scala:19),runners.Config$$anonfun$16.apply(Config.scala:81),runners.Config$$anonfun$16.apply(Config.scala:81),fuzzer.Fuzzer$.Fuzz(Fuzzer.scala:60),runners.RunBigFuzzJar$.main(RunBigFuzzJar.scala:34),runners.RunBigFuzzJar.main(RunBigFuzzJar.scala)
692,java.lang.RuntimeException : examples.faulty.AgeAnalysis$$anonfun$main$3.apply(AgeAnalysis.scala:20),examples.faulty.AgeAnalysis$$anonfun$main$3.apply(AgeAnalysis.scala:19),scala.collection.TraversableLike$$anonfun$filterImpl$1.apply(TraversableLike.scala:248),scala.collection.immutable.List.foreach(List.scala:381),scala.collection.TraversableLike$class.filterImpl(TraversableLike.scala:247),scala.collection.TraversableLike$class.filter(TraversableLike.scala:259),scala.collection.AbstractTraversable.filter(Traversable.scala:104),abstraction.BaseRDD.filter(BaseRDD.scala:13),abstraction.BaseRDD.filter(BaseRDD.scala:6),examples.faulty.AgeAnalysis$.main(AgeAnalysis.scala:19),runners.Config$$anonfun$16.apply(Config.scala:81),runners.Config$$anonfun$16.apply(Config.scala:81),fuzzer.Fuzzer$.Fuzz(Fuzzer.scala:60),runners.RunBigFuzzJar$.main(RunBigFuzzJar.scala:34),runners.RunBigFuzzJar.main(RunBigFuzzJar.scala)
2132,java.lang.ArrayIndexOutOfBoundsException : 
