9,java.lang.NumberFormatException : sun.misc.FloatingDecimal.readJavaFormatString(FloatingDecimal.java:1842),sun.misc.FloatingDecimal.parseFloat(FloatingDecimal.java:122),java.lang.Float.parseFloat(Float.java:451),scala.collection.immutable.StringLike$class.toFloat(StringLike.scala:280),scala.collection.immutable.StringOps.toFloat(StringOps.scala:29),examples.faulty.CommuteType$$anonfun$2.apply(CommuteType.scala:24),examples.faulty.CommuteType$$anonfun$2.apply(CommuteType.scala:23),scala.collection.TraversableLike$$anonfun$map$1.apply(TraversableLike.scala:234),scala.collection.TraversableLike$$anonfun$map$1.apply(TraversableLike.scala:234),scala.collection.immutable.List.foreach(List.scala:381),scala.collection.TraversableLike$class.map(TraversableLike.scala:234),scala.collection.immutable.List.map(List.scala:285),abstraction.BaseRDD.map(BaseRDD.scala:17),abstraction.BaseRDD.map(BaseRDD.scala:6),examples.faulty.CommuteType$.main(CommuteType.scala:23),runners.Config$$anonfun$6.apply(Config.scala:69),runners.Config$$anonfun$6.apply(Config.scala:69),fuzzer.Fuzzer$.Fuzz(Fuzzer.scala:60),runners.RunBigFuzzJar$.main(RunBigFuzzJar.scala:34),runners.RunBigFuzzJar.main(RunBigFuzzJar.scala)
30,java.lang.NumberFormatException : sun.misc.FloatingDecimal.readJavaFormatString(FloatingDecimal.java:2043),sun.misc.FloatingDecimal.parseFloat(FloatingDecimal.java:122),java.lang.Float.parseFloat(Float.java:451),scala.collection.immutable.StringLike$class.toFloat(StringLike.scala:280),scala.collection.immutable.StringOps.toFloat(StringOps.scala:29),examples.faulty.CommuteType$$anonfun$2.apply(CommuteType.scala:24),examples.faulty.CommuteType$$anonfun$2.apply(CommuteType.scala:23),scala.collection.TraversableLike$$anonfun$map$1.apply(TraversableLike.scala:234),scala.collection.TraversableLike$$anonfun$map$1.apply(TraversableLike.scala:234),scala.collection.immutable.List.foreach(List.scala:381),scala.collection.TraversableLike$class.map(TraversableLike.scala:234),scala.collection.immutable.List.map(List.scala:285),abstraction.BaseRDD.map(BaseRDD.scala:17),abstraction.BaseRDD.map(BaseRDD.scala:6),examples.faulty.CommuteType$.main(CommuteType.scala:23),runners.Config$$anonfun$6.apply(Config.scala:69),runners.Config$$anonfun$6.apply(Config.scala:69),fuzzer.Fuzzer$.Fuzz(Fuzzer.scala:60),runners.RunBigFuzzJar$.main(RunBigFuzzJar.scala:34),runners.RunBigFuzzJar.main(RunBigFuzzJar.scala)
44,java.lang.ArrayIndexOutOfBoundsException : examples.faulty.CommuteType$$anonfun$2.apply(CommuteType.scala:24),examples.faulty.CommuteType$$anonfun$2.apply(CommuteType.scala:23),scala.collection.TraversableLike$$anonfun$map$1.apply(TraversableLike.scala:234),scala.collection.TraversableLike$$anonfun$map$1.apply(TraversableLike.scala:234),scala.collection.immutable.List.foreach(List.scala:381),scala.collection.TraversableLike$class.map(TraversableLike.scala:234),scala.collection.immutable.List.map(List.scala:285),abstraction.BaseRDD.map(BaseRDD.scala:17),abstraction.BaseRDD.map(BaseRDD.scala:6),examples.faulty.CommuteType$.main(CommuteType.scala:23),runners.Config$$anonfun$6.apply(Config.scala:69),runners.Config$$anonfun$6.apply(Config.scala:69),fuzzer.Fuzzer$.Fuzz(Fuzzer.scala:60),runners.RunBigFuzzJar$.main(RunBigFuzzJar.scala:34),runners.RunBigFuzzJar.main(RunBigFuzzJar.scala)
101,java.lang.RuntimeException : examples.faulty.CommuteType$$anonfun$main$3.apply(CommuteType.scala:53),examples.faulty.CommuteType$$anonfun$main$3.apply(CommuteType.scala:51),abstraction.BasePairRDD$$anonfun$mapValues$1.apply(BasePairRDD.scala:38),abstraction.BasePairRDD$$anonfun$mapValues$1.apply(BasePairRDD.scala:38),scala.collection.TraversableLike$$anonfun$map$1.apply(TraversableLike.scala:234),scala.collection.TraversableLike$$anonfun$map$1.apply(TraversableLike.scala:234),scala.collection.mutable.ResizableArray$class.foreach(ResizableArray.scala:59),scala.collection.mutable.ArrayBuffer.foreach(ArrayBuffer.scala:48),scala.collection.TraversableLike$class.map(TraversableLike.scala:234),scala.collection.AbstractTraversable.map(Traversable.scala:104),abstraction.BasePairRDD.mapValues(BasePairRDD.scala:38),examples.faulty.CommuteType$.main(CommuteType.scala:51),runners.Config$$anonfun$6.apply(Config.scala:69),runners.Config$$anonfun$6.apply(Config.scala:69),fuzzer.Fuzzer$.Fuzz(Fuzzer.scala:60),runners.RunBigFuzzJar$.main(RunBigFuzzJar.scala:34),runners.RunBigFuzzJar.main(RunBigFuzzJar.scala)
3687,java.lang.ArrayIndexOutOfBoundsException : 
131894,java.lang.RuntimeException : examples.faulty.CommuteType$$anonfun$main$1.apply(CommuteType.scala:45),examples.faulty.CommuteType$$anonfun$main$1.apply(CommuteType.scala:44),scala.collection.LinearSeqOptimized$class.foldLeft(LinearSeqOptimized.scala:124),scala.collection.immutable.List.foldLeft(List.scala:84),scala.collection.TraversableOnce$class.aggregate(TraversableOnce.scala:214),scala.collection.AbstractTraversable.aggregate(Traversable.scala:104),abstraction.BasePairRDD$$anonfun$aggregateByKey$3.apply(BasePairRDD.scala:34),abstraction.BasePairRDD$$anonfun$aggregateByKey$3.apply(BasePairRDD.scala:34),scala.collection.TraversableLike$$anonfun$map$1.apply(TraversableLike.scala:234),scala.collection.TraversableLike$$anonfun$map$1.apply(TraversableLike.scala:234),scala.collection.immutable.Map$Map1.foreach(Map.scala:116),scala.collection.TraversableLike$class.map(TraversableLike.scala:234),scala.collection.AbstractTraversable.map(Traversable.scala:104),abstraction.BasePairRDD.aggregateByKey(BasePairRDD.scala:34),examples.faulty.CommuteType$.main(CommuteType.scala:43),runners.Config$$anonfun$6.apply(Config.scala:69),runners.Config$$anonfun$6.apply(Config.scala:69),fuzzer.Fuzzer$.Fuzz(Fuzzer.scala:60),runners.RunBigFuzzJar$.main(RunBigFuzzJar.scala:34),runners.RunBigFuzzJar.main(RunBigFuzzJar.scala)
