0,java.lang.ArrayIndexOutOfBoundsException : examples.faulty.MovieRating$.$anonfun$main$2(MovieRating.scala:24),scala.collection.TraversableLike.$anonfun$map$1(TraversableLike.scala:234),scala.collection.immutable.List.foreach(List.scala:389),scala.collection.TraversableLike.map(TraversableLike.scala:234),scala.collection.TraversableLike.map$(TraversableLike.scala:227),scala.collection.immutable.List.map(List.scala:295),abstraction.BaseRDD.map(BaseRDD.scala:22),abstraction.BaseRDD.map(BaseRDD.scala:6),examples.faulty.MovieRating$.main(MovieRating.scala:22),runners.Config$.$anonfun$mapFunFuzzables$15(Config.scala:154),runners.Config$.$anonfun$mapFunFuzzables$15$adapted(Config.scala:154),fuzzer.Fuzzer$.Fuzz(Fuzzer.scala:60),runners.RunBigFuzzJar$.main(RunBigFuzzJar.scala:34),runners.RunBigFuzzJar.main(RunBigFuzzJar.scala)
15,java.lang.NumberFormatException : java.lang.NumberFormatException.forInputString(NumberFormatException.java:65),java.lang.Integer.parseInt(Integer.java:580),java.lang.Integer.parseInt(Integer.java:615),scala.collection.immutable.StringLike.toInt(StringLike.scala:301),scala.collection.immutable.StringLike.toInt$(StringLike.scala:301),scala.collection.immutable.StringOps.toInt(StringOps.scala:29),examples.faulty.MovieRating$.$anonfun$main$2(MovieRating.scala:25),scala.collection.TraversableLike.$anonfun$map$1(TraversableLike.scala:234),scala.collection.immutable.List.foreach(List.scala:389),scala.collection.TraversableLike.map(TraversableLike.scala:234),scala.collection.TraversableLike.map$(TraversableLike.scala:227),scala.collection.immutable.List.map(List.scala:295),abstraction.BaseRDD.map(BaseRDD.scala:22),abstraction.BaseRDD.map(BaseRDD.scala:6),examples.faulty.MovieRating$.main(MovieRating.scala:22),runners.Config$.$anonfun$mapFunFuzzables$15(Config.scala:154),runners.Config$.$anonfun$mapFunFuzzables$15$adapted(Config.scala:154),fuzzer.Fuzzer$.Fuzz(Fuzzer.scala:60),runners.RunBigFuzzJar$.main(RunBigFuzzJar.scala:34),runners.RunBigFuzzJar.main(RunBigFuzzJar.scala)
44,java.lang.ArrayIndexOutOfBoundsException : examples.faulty.MovieRating$.$anonfun$main$2(MovieRating.scala:23),scala.collection.TraversableLike.$anonfun$map$1(TraversableLike.scala:234),scala.collection.immutable.List.foreach(List.scala:389),scala.collection.TraversableLike.map(TraversableLike.scala:234),scala.collection.TraversableLike.map$(TraversableLike.scala:227),scala.collection.immutable.List.map(List.scala:295),abstraction.BaseRDD.map(BaseRDD.scala:22),abstraction.BaseRDD.map(BaseRDD.scala:6),examples.faulty.MovieRating$.main(MovieRating.scala:22),runners.Config$.$anonfun$mapFunFuzzables$15(Config.scala:154),runners.Config$.$anonfun$mapFunFuzzables$15$adapted(Config.scala:154),fuzzer.Fuzzer$.Fuzz(Fuzzer.scala:60),runners.RunBigFuzzJar$.main(RunBigFuzzJar.scala:34),runners.RunBigFuzzJar.main(RunBigFuzzJar.scala)
1463,java.lang.ArrayIndexOutOfBoundsException : 
1828,java.lang.RuntimeException : examples.faulty.MovieRating$.filter1(MovieRating.scala:39),examples.faulty.MovieRating$.$anonfun$main$3(MovieRating.scala:28),examples.faulty.MovieRating$.$anonfun$main$3$adapted(MovieRating.scala:27),scala.collection.TraversableLike.$anonfun$filterImpl$1(TraversableLike.scala:248),scala.collection.immutable.List.foreach(List.scala:389),scala.collection.TraversableLike.filterImpl(TraversableLike.scala:247),scala.collection.TraversableLike.filterImpl$(TraversableLike.scala:245),scala.collection.AbstractTraversable.filterImpl(Traversable.scala:104),scala.collection.TraversableLike.filter(TraversableLike.scala:259),scala.collection.TraversableLike.filter$(TraversableLike.scala:259),scala.collection.AbstractTraversable.filter(Traversable.scala:104),abstraction.BaseRDD.filter(BaseRDD.scala:12),abstraction.BaseRDD.filter(BaseRDD.scala:6),examples.faulty.MovieRating$.main(MovieRating.scala:27),runners.Config$.$anonfun$mapFunFuzzables$15(Config.scala:154),runners.Config$.$anonfun$mapFunFuzzables$15$adapted(Config.scala:154),fuzzer.Fuzzer$.Fuzz(Fuzzer.scala:60),runners.RunBigFuzzJar$.main(RunBigFuzzJar.scala:34),runners.RunBigFuzzJar.main(RunBigFuzzJar.scala)
