0,java.lang.NumberFormatException : java.lang.NumberFormatException.forInputString(NumberFormatException.java:65),java.lang.Integer.parseInt(Integer.java:580),java.lang.Integer.parseInt(Integer.java:615),scala.collection.immutable.StringLike$class.toInt(StringLike.scala:272),scala.collection.immutable.StringOps.toInt(StringOps.scala:29),examples.faulty.StudentGrade$$anonfun$3.apply(StudentGrade.scala:16),examples.faulty.StudentGrade$$anonfun$3.apply(StudentGrade.scala:15),scala.collection.TraversableLike$$anonfun$map$1.apply(TraversableLike.scala:234),scala.collection.TraversableLike$$anonfun$map$1.apply(TraversableLike.scala:234),scala.collection.immutable.List.foreach(List.scala:381),scala.collection.TraversableLike$class.map(TraversableLike.scala:234),scala.collection.immutable.List.map(List.scala:285),abstraction.BaseRDD.map(BaseRDD.scala:17),abstraction.BaseRDD.map(BaseRDD.scala:6),examples.faulty.StudentGrade$.main(StudentGrade.scala:15),runners.Config$$anonfun$13.apply(Config.scala:75),runners.Config$$anonfun$13.apply(Config.scala:75),fuzzer.Fuzzer$.Fuzz(Fuzzer.scala:60),runners.RunBigFuzzJar$.main(RunBigFuzzJar.scala:34),runners.RunBigFuzzJar.main(RunBigFuzzJar.scala)
18,java.lang.ArrayIndexOutOfBoundsException : examples.faulty.StudentGrade$$anonfun$3.apply(StudentGrade.scala:16),examples.faulty.StudentGrade$$anonfun$3.apply(StudentGrade.scala:15),scala.collection.TraversableLike$$anonfun$map$1.apply(TraversableLike.scala:234),scala.collection.TraversableLike$$anonfun$map$1.apply(TraversableLike.scala:234),scala.collection.immutable.List.foreach(List.scala:381),scala.collection.TraversableLike$class.map(TraversableLike.scala:234),scala.collection.immutable.List.map(List.scala:285),abstraction.BaseRDD.map(BaseRDD.scala:17),abstraction.BaseRDD.map(BaseRDD.scala:6),examples.faulty.StudentGrade$.main(StudentGrade.scala:15),runners.Config$$anonfun$13.apply(Config.scala:75),runners.Config$$anonfun$13.apply(Config.scala:75),fuzzer.Fuzzer$.Fuzz(Fuzzer.scala:60),runners.RunBigFuzzJar$.main(RunBigFuzzJar.scala:34),runners.RunBigFuzzJar.main(RunBigFuzzJar.scala)
176,java.lang.RuntimeException : examples.faulty.StudentGrade$$anonfun$3.apply(StudentGrade.scala:17),examples.faulty.StudentGrade$$anonfun$3.apply(StudentGrade.scala:15),scala.collection.TraversableLike$$anonfun$map$1.apply(TraversableLike.scala:234),scala.collection.TraversableLike$$anonfun$map$1.apply(TraversableLike.scala:234),scala.collection.immutable.List.foreach(List.scala:381),scala.collection.TraversableLike$class.map(TraversableLike.scala:234),scala.collection.immutable.List.map(List.scala:285),abstraction.BaseRDD.map(BaseRDD.scala:17),abstraction.BaseRDD.map(BaseRDD.scala:6),examples.faulty.StudentGrade$.main(StudentGrade.scala:15),runners.Config$$anonfun$13.apply(Config.scala:75),runners.Config$$anonfun$13.apply(Config.scala:75),fuzzer.Fuzzer$.Fuzz(Fuzzer.scala:60),runners.RunBigFuzzJar$.main(RunBigFuzzJar.scala:34),runners.RunBigFuzzJar.main(RunBigFuzzJar.scala)
1204,java.lang.RuntimeException : examples.faulty.StudentGrade$$anonfun$4.apply(StudentGrade.scala:21),examples.faulty.StudentGrade$$anonfun$4.apply(StudentGrade.scala:20),scala.collection.TraversableLike$$anonfun$map$1.apply(TraversableLike.scala:234),scala.collection.TraversableLike$$anonfun$map$1.apply(TraversableLike.scala:234),scala.collection.immutable.List.foreach(List.scala:381),scala.collection.TraversableLike$class.map(TraversableLike.scala:234),scala.collection.immutable.List.map(List.scala:285),abstraction.BaseRDD.map(BaseRDD.scala:17),abstraction.BaseRDD.map(BaseRDD.scala:6),examples.faulty.StudentGrade$.main(StudentGrade.scala:20),runners.Config$$anonfun$13.apply(Config.scala:75),runners.Config$$anonfun$13.apply(Config.scala:75),fuzzer.Fuzzer$.Fuzz(Fuzzer.scala:60),runners.RunBigFuzzJar$.main(RunBigFuzzJar.scala:34),runners.RunBigFuzzJar.main(RunBigFuzzJar.scala)
2015,java.lang.ArrayIndexOutOfBoundsException : 
