2,Crash_da39a3ee5e6b4b0d3255bfef95601890afd80709.java
31986,Crash_b3cd8551e2e1c0b6136a3705651ea6810810c65f.java
37017,Crash_e83073f0773bc7f922f2061c419028c94558e7e8.java
37590,Crash_9dee0d6c1a47c0b132526f43af641615a7dd747f.java
42240,Crash_c1994e94224f084229bc836d0a049af1952705f6.java
45613,Crash_63785032318c4c25f82b44edaaf8be966b1fced7.java
47261,Crash_397fc160e23ce9d7b846e7b96e5dadab8f500e29.java
53282,Crash_6e35bb961f489d723b227c2118430e5253eab79c.java
128749,Crash_48d2b4a4da262b83474b0629fe4877e9d08c81f6.java
