1,java.lang.NumberFormatException : java.lang.NumberFormatException.forInputString(NumberFormatException.java:65),java.lang.Integer.parseInt(Integer.java:580),java.lang.Integer.parseInt(Integer.java:615),scala.collection.immutable.StringLike$class.toInt(StringLike.scala:272),scala.collection.immutable.StringOps.toInt(StringOps.scala:29),examples.faulty.IncomeAggregation$$anonfun$main$3.apply(IncomeAggregation.scala:20),examples.faulty.IncomeAggregation$$anonfun$main$3.apply(IncomeAggregation.scala:19),scala.collection.TraversableLike$$anonfun$filterImpl$1.apply(TraversableLike.scala:248),scala.collection.immutable.List.foreach(List.scala:381),scala.collection.TraversableLike$class.filterImpl(TraversableLike.scala:247),scala.collection.TraversableLike$class.filter(TraversableLike.scala:259),scala.collection.AbstractTraversable.filter(Traversable.scala:104),abstraction.BaseRDD.filter(BaseRDD.scala:12),abstraction.BaseRDD.filter(BaseRDD.scala:6),examples.faulty.IncomeAggregation$.main(IncomeAggregation.scala:19),runners.Config$$anonfun$22.apply(Config.scala:94),runners.Config$$anonfun$22.apply(Config.scala:94),fuzzer.Fuzzer$.Fuzz(Fuzzer.scala:60),runners.RunBigFuzzJar$.main(RunBigFuzzJar.scala:34),runners.RunBigFuzzJar.main(RunBigFuzzJar.scala)
7,java.lang.NumberFormatException : java.lang.NumberFormatException.forInputString(NumberFormatException.java:65),java.lang.Integer.parseInt(Integer.java:592),java.lang.Integer.parseInt(Integer.java:615),scala.collection.immutable.StringLike$class.toInt(StringLike.scala:272),scala.collection.immutable.StringOps.toInt(StringOps.scala:29),examples.faulty.IncomeAggregation$$anonfun$main$2.apply(IncomeAggregation.scala:17),examples.faulty.IncomeAggregation$$anonfun$main$2.apply(IncomeAggregation.scala:16),scala.collection.TraversableLike$$anonfun$map$1.apply(TraversableLike.scala:234),scala.collection.TraversableLike$$anonfun$map$1.apply(TraversableLike.scala:234),scala.collection.immutable.List.foreach(List.scala:381),scala.collection.TraversableLike$class.map(TraversableLike.scala:234),scala.collection.immutable.List.map(List.scala:285),abstraction.BaseRDD.map(BaseRDD.scala:22),abstraction.BaseRDD.map(BaseRDD.scala:6),examples.faulty.IncomeAggregation$.main(IncomeAggregation.scala:15),runners.Config$$anonfun$22.apply(Config.scala:94),runners.Config$$anonfun$22.apply(Config.scala:94),fuzzer.Fuzzer$.Fuzz(Fuzzer.scala:60),runners.RunBigFuzzJar$.main(RunBigFuzzJar.scala:34),runners.RunBigFuzzJar.main(RunBigFuzzJar.scala)
9,java.lang.NumberFormatException : java.lang.NumberFormatException.forInputString(NumberFormatException.java:65),java.lang.Integer.parseInt(Integer.java:592),java.lang.Integer.parseInt(Integer.java:615),scala.collection.immutable.StringLike$class.toInt(StringLike.scala:272),scala.collection.immutable.StringOps.toInt(StringOps.scala:29),examples.faulty.IncomeAggregation$$anonfun$main$3.apply(IncomeAggregation.scala:20),examples.faulty.IncomeAggregation$$anonfun$main$3.apply(IncomeAggregation.scala:19),scala.collection.TraversableLike$$anonfun$filterImpl$1.apply(TraversableLike.scala:248),scala.collection.immutable.List.foreach(List.scala:381),scala.collection.TraversableLike$class.filterImpl(TraversableLike.scala:247),scala.collection.TraversableLike$class.filter(TraversableLike.scala:259),scala.collection.AbstractTraversable.filter(Traversable.scala:104),abstraction.BaseRDD.filter(BaseRDD.scala:12),abstraction.BaseRDD.filter(BaseRDD.scala:6),examples.faulty.IncomeAggregation$.main(IncomeAggregation.scala:19),runners.Config$$anonfun$22.apply(Config.scala:94),runners.Config$$anonfun$22.apply(Config.scala:94),fuzzer.Fuzzer$.Fuzz(Fuzzer.scala:60),runners.RunBigFuzzJar$.main(RunBigFuzzJar.scala:34),runners.RunBigFuzzJar.main(RunBigFuzzJar.scala)
14,java.lang.ArrayIndexOutOfBoundsException : examples.faulty.IncomeAggregation$$anonfun$main$2.apply(IncomeAggregation.scala:17),examples.faulty.IncomeAggregation$$anonfun$main$2.apply(IncomeAggregation.scala:16),scala.collection.TraversableLike$$anonfun$map$1.apply(TraversableLike.scala:234),scala.collection.TraversableLike$$anonfun$map$1.apply(TraversableLike.scala:234),scala.collection.immutable.List.foreach(List.scala:381),scala.collection.TraversableLike$class.map(TraversableLike.scala:234),scala.collection.immutable.List.map(List.scala:285),abstraction.BaseRDD.map(BaseRDD.scala:22),abstraction.BaseRDD.map(BaseRDD.scala:6),examples.faulty.IncomeAggregation$.main(IncomeAggregation.scala:15),runners.Config$$anonfun$22.apply(Config.scala:94),runners.Config$$anonfun$22.apply(Config.scala:94),fuzzer.Fuzzer$.Fuzz(Fuzzer.scala:60),runners.RunBigFuzzJar$.main(RunBigFuzzJar.scala:34),runners.RunBigFuzzJar.main(RunBigFuzzJar.scala)
33,java.lang.NumberFormatException : java.lang.NumberFormatException.forInputString(NumberFormatException.java:65),java.lang.Integer.parseInt(Integer.java:580),java.lang.Integer.parseInt(Integer.java:615),scala.collection.immutable.StringLike$class.toInt(StringLike.scala:272),scala.collection.immutable.StringOps.toInt(StringOps.scala:29),examples.faulty.IncomeAggregation$$anonfun$main$2.apply(IncomeAggregation.scala:17),examples.faulty.IncomeAggregation$$anonfun$main$2.apply(IncomeAggregation.scala:16),scala.collection.TraversableLike$$anonfun$map$1.apply(TraversableLike.scala:234),scala.collection.TraversableLike$$anonfun$map$1.apply(TraversableLike.scala:234),scala.collection.immutable.List.foreach(List.scala:381),scala.collection.TraversableLike$class.map(TraversableLike.scala:234),scala.collection.immutable.List.map(List.scala:285),abstraction.BaseRDD.map(BaseRDD.scala:22),abstraction.BaseRDD.map(BaseRDD.scala:6),examples.faulty.IncomeAggregation$.main(IncomeAggregation.scala:15),runners.Config$$anonfun$22.apply(Config.scala:94),runners.Config$$anonfun$22.apply(Config.scala:94),fuzzer.Fuzzer$.Fuzz(Fuzzer.scala:60),runners.RunBigFuzzJar$.main(RunBigFuzzJar.scala:34),runners.RunBigFuzzJar.main(RunBigFuzzJar.scala)
932,java.lang.RuntimeException : examples.faulty.IncomeAggregation$$anonfun$main$3.apply(IncomeAggregation.scala:20),examples.faulty.IncomeAggregation$$anonfun$main$3.apply(IncomeAggregation.scala:19),scala.collection.TraversableLike$$anonfun$filterImpl$1.apply(TraversableLike.scala:248),scala.collection.immutable.List.foreach(List.scala:381),scala.collection.TraversableLike$class.filterImpl(TraversableLike.scala:247),scala.collection.TraversableLike$class.filter(TraversableLike.scala:259),scala.collection.AbstractTraversable.filter(Traversable.scala:104),abstraction.BaseRDD.filter(BaseRDD.scala:12),abstraction.BaseRDD.filter(BaseRDD.scala:6),examples.faulty.IncomeAggregation$.main(IncomeAggregation.scala:19),runners.Config$$anonfun$22.apply(Config.scala:94),runners.Config$$anonfun$22.apply(Config.scala:94),fuzzer.Fuzzer$.Fuzz(Fuzzer.scala:60),runners.RunBigFuzzJar$.main(RunBigFuzzJar.scala:34),runners.RunBigFuzzJar.main(RunBigFuzzJar.scala)
2139,java.lang.ArrayIndexOutOfBoundsException : 
