2,scala.MatchError : examples.faulty.WebpageSegmentation$.$anonfun$main$10(WebpageSegmentation.scala:34),scala.collection.TraversableLike.$anonfun$map$1(TraversableLike.scala:234),scala.collection.immutable.List.foreach(List.scala:389),scala.collection.TraversableLike.map(TraversableLike.scala:234),scala.collection.TraversableLike.map$(TraversableLike.scala:227),scala.collection.immutable.List.map(List.scala:295),abstraction.BasePairRDD.map(BasePairRDD.scala:5),examples.faulty.WebpageSegmentation$.main(WebpageSegmentation.scala:32),runners.Config$.$anonfun$mapFunFuzzables$4(Config.scala:142),runners.Config$.$anonfun$mapFunFuzzables$4$adapted(Config.scala:142),fuzzer.Fuzzer$.Fuzz(Fuzzer.scala:60),runners.RunProvFuzzJar$.main(RunProvFuzzJar.scala:68),runners.RunProvFuzzJar.main(RunProvFuzzJar.scala)
5,java.lang.RuntimeException : examples.faulty.WebpageSegmentation$.$anonfun$main$9(WebpageSegmentation.scala:29),examples.faulty.WebpageSegmentation$.$anonfun$main$9$adapted(WebpageSegmentation.scala:27),scala.collection.TraversableLike.$anonfun$filterImpl$1(TraversableLike.scala:248),scala.collection.immutable.List.foreach(List.scala:389),scala.collection.TraversableLike.filterImpl(TraversableLike.scala:247),scala.collection.TraversableLike.filterImpl$(TraversableLike.scala:245),scala.collection.AbstractTraversable.filterImpl(Traversable.scala:104),scala.collection.TraversableLike.filter(TraversableLike.scala:259),scala.collection.TraversableLike.filter$(TraversableLike.scala:259),scala.collection.AbstractTraversable.filter(Traversable.scala:104),abstraction.BasePairRDD.filter(BasePairRDD.scala:9),examples.faulty.WebpageSegmentation$.main(WebpageSegmentation.scala:27),runners.Config$.$anonfun$mapFunFuzzables$4(Config.scala:142),runners.Config$.$anonfun$mapFunFuzzables$4$adapted(Config.scala:142),fuzzer.Fuzzer$.Fuzz(Fuzzer.scala:60),runners.RunProvFuzzJar$.main(RunProvFuzzJar.scala:68),runners.RunProvFuzzJar.main(RunProvFuzzJar.scala)
12,java.lang.RuntimeException : examples.faulty.WebpageSegmentation$.intersects(WebpageSegmentation.scala:64),examples.faulty.WebpageSegmentation$.$anonfun$main$13(WebpageSegmentation.scala:41),scala.collection.TraversableLike.$anonfun$map$1(TraversableLike.scala:234),scala.collection.immutable.List.foreach(List.scala:389),scala.collection.TraversableLike.map(TraversableLike.scala:234),scala.collection.TraversableLike.map$(TraversableLike.scala:227),scala.collection.immutable.List.map(List.scala:295),examples.faulty.WebpageSegmentation$.$anonfun$main$11(WebpageSegmentation.scala:41),scala.collection.TraversableLike.$anonfun$map$1(TraversableLike.scala:234),scala.collection.immutable.List.foreach(List.scala:389),scala.collection.TraversableLike.map(TraversableLike.scala:234),scala.collection.TraversableLike.map$(TraversableLike.scala:227),scala.collection.immutable.List.map(List.scala:295),abstraction.BasePairRDD.map(BasePairRDD.scala:5),examples.faulty.WebpageSegmentation$.main(WebpageSegmentation.scala:40),runners.Config$.$anonfun$mapFunFuzzables$4(Config.scala:142),runners.Config$.$anonfun$mapFunFuzzables$4$adapted(Config.scala:142),fuzzer.Fuzzer$.Fuzz(Fuzzer.scala:60),runners.RunProvFuzzJar$.main(RunProvFuzzJar.scala:68),runners.RunProvFuzzJar.main(RunProvFuzzJar.scala)
14,java.lang.RuntimeException : examples.faulty.WebpageSegmentation$.intersects(WebpageSegmentation.scala:93),examples.faulty.WebpageSegmentation$.$anonfun$main$13(WebpageSegmentation.scala:41),scala.collection.TraversableLike.$anonfun$map$1(TraversableLike.scala:234),scala.collection.immutable.List.foreach(List.scala:389),scala.collection.TraversableLike.map(TraversableLike.scala:234),scala.collection.TraversableLike.map$(TraversableLike.scala:227),scala.collection.immutable.List.map(List.scala:295),examples.faulty.WebpageSegmentation$.$anonfun$main$11(WebpageSegmentation.scala:41),scala.collection.TraversableLike.$anonfun$map$1(TraversableLike.scala:234),scala.collection.immutable.List.foreach(List.scala:389),scala.collection.TraversableLike.map(TraversableLike.scala:234),scala.collection.TraversableLike.map$(TraversableLike.scala:227),scala.collection.immutable.List.map(List.scala:295),abstraction.BasePairRDD.map(BasePairRDD.scala:5),examples.faulty.WebpageSegmentation$.main(WebpageSegmentation.scala:40),runners.Config$.$anonfun$mapFunFuzzables$4(Config.scala:142),runners.Config$.$anonfun$mapFunFuzzables$4$adapted(Config.scala:142),fuzzer.Fuzzer$.Fuzz(Fuzzer.scala:60),runners.RunProvFuzzJar$.main(RunProvFuzzJar.scala:68),runners.RunProvFuzzJar.main(RunProvFuzzJar.scala)
120,java.lang.RuntimeException : examples.faulty.WebpageSegmentation$.intersects(WebpageSegmentation.scala:119),examples.faulty.WebpageSegmentation$.$anonfun$main$13(WebpageSegmentation.scala:41),scala.collection.TraversableLike.$anonfun$map$1(TraversableLike.scala:234),scala.collection.immutable.List.foreach(List.scala:389),scala.collection.TraversableLike.map(TraversableLike.scala:234),scala.collection.TraversableLike.map$(TraversableLike.scala:227),scala.collection.immutable.List.map(List.scala:295),examples.faulty.WebpageSegmentation$.$anonfun$main$11(WebpageSegmentation.scala:41),scala.collection.TraversableLike.$anonfun$map$1(TraversableLike.scala:234),scala.collection.immutable.List.foreach(List.scala:389),scala.collection.TraversableLike.map(TraversableLike.scala:234),scala.collection.TraversableLike.map$(TraversableLike.scala:227),scala.collection.immutable.List.map(List.scala:295),abstraction.BasePairRDD.map(BasePairRDD.scala:5),examples.faulty.WebpageSegmentation$.main(WebpageSegmentation.scala:40),runners.Config$.$anonfun$mapFunFuzzables$4(Config.scala:142),runners.Config$.$anonfun$mapFunFuzzables$4$adapted(Config.scala:142),fuzzer.Fuzzer$.Fuzz(Fuzzer.scala:60),runners.RunProvFuzzJar$.main(RunProvFuzzJar.scala:68),runners.RunProvFuzzJar.main(RunProvFuzzJar.scala)
802,java.lang.RuntimeException : examples.faulty.WebpageSegmentation$.intersects(WebpageSegmentation.scala:101),examples.faulty.WebpageSegmentation$.$anonfun$main$13(WebpageSegmentation.scala:41),scala.collection.TraversableLike.$anonfun$map$1(TraversableLike.scala:234),scala.collection.immutable.List.foreach(List.scala:389),scala.collection.TraversableLike.map(TraversableLike.scala:234),scala.collection.TraversableLike.map$(TraversableLike.scala:227),scala.collection.immutable.List.map(List.scala:295),examples.faulty.WebpageSegmentation$.$anonfun$main$11(WebpageSegmentation.scala:41),scala.collection.TraversableLike.$anonfun$map$1(TraversableLike.scala:234),scala.collection.immutable.List.foreach(List.scala:389),scala.collection.TraversableLike.map(TraversableLike.scala:234),scala.collection.TraversableLike.map$(TraversableLike.scala:227),scala.collection.immutable.List.map(List.scala:295),abstraction.BasePairRDD.map(BasePairRDD.scala:5),examples.faulty.WebpageSegmentation$.main(WebpageSegmentation.scala:40),runners.Config$.$anonfun$mapFunFuzzables$4(Config.scala:142),runners.Config$.$anonfun$mapFunFuzzables$4$adapted(Config.scala:142),fuzzer.Fuzzer$.Fuzz(Fuzzer.scala:60),runners.RunProvFuzzJar$.main(RunProvFuzzJar.scala:68),runners.RunProvFuzzJar.main(RunProvFuzzJar.scala)
850,java.lang.RuntimeException : examples.faulty.WebpageSegmentation$.$anonfun$main$10(WebpageSegmentation.scala:35),scala.collection.TraversableLike.$anonfun$map$1(TraversableLike.scala:234),scala.collection.immutable.List.foreach(List.scala:389),scala.collection.TraversableLike.map(TraversableLike.scala:234),scala.collection.TraversableLike.map$(TraversableLike.scala:227),scala.collection.immutable.List.map(List.scala:295),abstraction.BasePairRDD.map(BasePairRDD.scala:5),examples.faulty.WebpageSegmentation$.main(WebpageSegmentation.scala:32),runners.Config$.$anonfun$mapFunFuzzables$4(Config.scala:142),runners.Config$.$anonfun$mapFunFuzzables$4$adapted(Config.scala:142),fuzzer.Fuzzer$.Fuzz(Fuzzer.scala:60),runners.RunProvFuzzJar$.main(RunProvFuzzJar.scala:68),runners.RunProvFuzzJar.main(RunProvFuzzJar.scala)
3831,java.lang.RuntimeException : examples.faulty.WebpageSegmentation$.intersects(WebpageSegmentation.scala:110),examples.faulty.WebpageSegmentation$.$anonfun$main$13(WebpageSegmentation.scala:41),scala.collection.TraversableLike.$anonfun$map$1(TraversableLike.scala:234),scala.collection.immutable.List.foreach(List.scala:389),scala.collection.TraversableLike.map(TraversableLike.scala:234),scala.collection.TraversableLike.map$(TraversableLike.scala:227),scala.collection.immutable.List.map(List.scala:295),examples.faulty.WebpageSegmentation$.$anonfun$main$11(WebpageSegmentation.scala:41),scala.collection.TraversableLike.$anonfun$map$1(TraversableLike.scala:234),scala.collection.immutable.List.foreach(List.scala:389),scala.collection.TraversableLike.map(TraversableLike.scala:234),scala.collection.TraversableLike.map$(TraversableLike.scala:227),scala.collection.immutable.List.map(List.scala:295),abstraction.BasePairRDD.map(BasePairRDD.scala:5),examples.faulty.WebpageSegmentation$.main(WebpageSegmentation.scala:40),runners.Config$.$anonfun$mapFunFuzzables$4(Config.scala:142),runners.Config$.$anonfun$mapFunFuzzables$4$adapted(Config.scala:142),fuzzer.Fuzzer$.Fuzz(Fuzzer.scala:60),runners.RunProvFuzzJar$.main(RunProvFuzzJar.scala:68),runners.RunProvFuzzJar.main(RunProvFuzzJar.scala)
