1,java.lang.ArrayIndexOutOfBoundsException : examples.faulty.NumberSeries$$anonfun$main$2.apply(NumberSeries.scala:17),examples.faulty.NumberSeries$$anonfun$main$2.apply(NumberSeries.scala:16),scala.collection.TraversableLike$$anonfun$map$1.apply(TraversableLike.scala:234),scala.collection.TraversableLike$$anonfun$map$1.apply(TraversableLike.scala:234),scala.collection.immutable.List.foreach(List.scala:381),scala.collection.TraversableLike$class.map(TraversableLike.scala:234),scala.collection.immutable.List.map(List.scala:285),abstraction.BaseRDD.map(BaseRDD.scala:17),abstraction.BaseRDD.map(BaseRDD.scala:6),examples.faulty.NumberSeries$.main(NumberSeries.scala:16),runners.Config$$anonfun$15.apply(Config.scala:80),runners.Config$$anonfun$15.apply(Config.scala:80),fuzzer.Fuzzer$.Fuzz(Fuzzer.scala:60),runners.RunBigFuzzJar$.main(RunBigFuzzJar.scala:34),runners.RunBigFuzzJar.main(RunBigFuzzJar.scala)
14,java.lang.NumberFormatException : java.lang.NumberFormatException.forInputString(NumberFormatException.java:65),java.lang.Integer.parseInt(Integer.java:580),java.lang.Integer.parseInt(Integer.java:615),scala.collection.immutable.StringLike$class.toInt(StringLike.scala:272),scala.collection.immutable.StringOps.toInt(StringOps.scala:29),examples.faulty.NumberSeries$$anonfun$main$2.apply(NumberSeries.scala:17),examples.faulty.NumberSeries$$anonfun$main$2.apply(NumberSeries.scala:16),scala.collection.TraversableLike$$anonfun$map$1.apply(TraversableLike.scala:234),scala.collection.TraversableLike$$anonfun$map$1.apply(TraversableLike.scala:234),scala.collection.immutable.List.foreach(List.scala:381),scala.collection.TraversableLike$class.map(TraversableLike.scala:234),scala.collection.immutable.List.map(List.scala:285),abstraction.BaseRDD.map(BaseRDD.scala:17),abstraction.BaseRDD.map(BaseRDD.scala:6),examples.faulty.NumberSeries$.main(NumberSeries.scala:16),runners.Config$$anonfun$15.apply(Config.scala:80),runners.Config$$anonfun$15.apply(Config.scala:80),fuzzer.Fuzzer$.Fuzz(Fuzzer.scala:60),runners.RunBigFuzzJar$.main(RunBigFuzzJar.scala:34),runners.RunBigFuzzJar.main(RunBigFuzzJar.scala)
3828,java.lang.ArrayIndexOutOfBoundsException : 
4517,java.lang.RuntimeException : examples.faulty.NumberSeries$$anonfun$main$3.apply(NumberSeries.scala:35),examples.faulty.NumberSeries$$anonfun$main$3.apply(NumberSeries.scala:18),scala.collection.TraversableLike$$anonfun$map$1.apply(TraversableLike.scala:234),scala.collection.TraversableLike$$anonfun$map$1.apply(TraversableLike.scala:234),scala.collection.immutable.List.foreach(List.scala:381),scala.collection.TraversableLike$class.map(TraversableLike.scala:234),scala.collection.immutable.List.map(List.scala:285),abstraction.BaseRDD.map(BaseRDD.scala:17),abstraction.BaseRDD.map(BaseRDD.scala:6),examples.faulty.NumberSeries$.main(NumberSeries.scala:18),runners.Config$$anonfun$15.apply(Config.scala:80),runners.Config$$anonfun$15.apply(Config.scala:80),fuzzer.Fuzzer$.Fuzz(Fuzzer.scala:60),runners.RunBigFuzzJar$.main(RunBigFuzzJar.scala:34),runners.RunBigFuzzJar.main(RunBigFuzzJar.scala)
7366,java.lang.RuntimeException : examples.faulty.NumberSeries$$anonfun$main$4.apply(NumberSeries.scala:41),examples.faulty.NumberSeries$$anonfun$main$4.apply(NumberSeries.scala:39),scala.collection.TraversableLike$$anonfun$filterImpl$1.apply(TraversableLike.scala:248),scala.collection.immutable.List.foreach(List.scala:381),scala.collection.TraversableLike$class.filterImpl(TraversableLike.scala:247),scala.collection.TraversableLike$class.filter(TraversableLike.scala:259),scala.collection.AbstractTraversable.filter(Traversable.scala:104),abstraction.BaseRDD.filter(BaseRDD.scala:13),abstraction.BaseRDD.filter(BaseRDD.scala:6),examples.faulty.NumberSeries$.main(NumberSeries.scala:39),runners.Config$$anonfun$15.apply(Config.scala:80),runners.Config$$anonfun$15.apply(Config.scala:80),fuzzer.Fuzzer$.Fuzz(Fuzzer.scala:60),runners.RunBigFuzzJar$.main(RunBigFuzzJar.scala:34),runners.RunBigFuzzJar.main(RunBigFuzzJar.scala)
