3,java.lang.ArrayIndexOutOfBoundsException : examples.faulty.StudentGrade$.$anonfun$main$2(StudentGrade.scala:16),scala.collection.TraversableLike.$anonfun$map$1(TraversableLike.scala:234),scala.collection.immutable.List.foreach(List.scala:389),scala.collection.TraversableLike.map(TraversableLike.scala:234),scala.collection.TraversableLike.map$(TraversableLike.scala:227),scala.collection.immutable.List.map(List.scala:295),abstraction.BaseRDD.map(BaseRDD.scala:22),abstraction.BaseRDD.map(BaseRDD.scala:6),examples.faulty.StudentGrade$.main(StudentGrade.scala:15),runners.Config$.$anonfun$mapFunFuzzables$13(Config.scala:147),runners.Config$.$anonfun$mapFunFuzzables$13$adapted(Config.scala:147),fuzzer.Fuzzer$.Fuzz(Fuzzer.scala:60),runners.RunProvFuzzJar$.main(RunProvFuzzJar.scala:68),runners.RunProvFuzzJar.main(RunProvFuzzJar.scala)
13,java.lang.RuntimeException : examples.faulty.StudentGrade$.$anonfun$main$2(StudentGrade.scala:17),scala.collection.TraversableLike.$anonfun$map$1(TraversableLike.scala:234),scala.collection.immutable.List.foreach(List.scala:389),scala.collection.TraversableLike.map(TraversableLike.scala:234),scala.collection.TraversableLike.map$(TraversableLike.scala:227),scala.collection.immutable.List.map(List.scala:295),abstraction.BaseRDD.map(BaseRDD.scala:22),abstraction.BaseRDD.map(BaseRDD.scala:6),examples.faulty.StudentGrade$.main(StudentGrade.scala:15),runners.Config$.$anonfun$mapFunFuzzables$13(Config.scala:147),runners.Config$.$anonfun$mapFunFuzzables$13$adapted(Config.scala:147),fuzzer.Fuzzer$.Fuzz(Fuzzer.scala:60),runners.RunProvFuzzJar$.main(RunProvFuzzJar.scala:68),runners.RunProvFuzzJar.main(RunProvFuzzJar.scala)
31,java.lang.RuntimeException : examples.faulty.StudentGrade$.$anonfun$main$3(StudentGrade.scala:21),scala.collection.TraversableLike.$anonfun$map$1(TraversableLike.scala:234),scala.collection.immutable.List.foreach(List.scala:389),scala.collection.TraversableLike.map(TraversableLike.scala:234),scala.collection.TraversableLike.map$(TraversableLike.scala:227),scala.collection.immutable.List.map(List.scala:295),abstraction.BaseRDD.map(BaseRDD.scala:22),abstraction.BaseRDD.map(BaseRDD.scala:6),examples.faulty.StudentGrade$.main(StudentGrade.scala:20),runners.Config$.$anonfun$mapFunFuzzables$13(Config.scala:147),runners.Config$.$anonfun$mapFunFuzzables$13$adapted(Config.scala:147),fuzzer.Fuzzer$.Fuzz(Fuzzer.scala:60),runners.RunProvFuzzJar$.main(RunProvFuzzJar.scala:68),runners.RunProvFuzzJar.main(RunProvFuzzJar.scala)
171,java.lang.NumberFormatException : java.lang.NumberFormatException.forInputString(NumberFormatException.java:65),java.lang.Integer.parseInt(Integer.java:580),java.lang.Integer.parseInt(Integer.java:615),scala.collection.immutable.StringLike.toInt(StringLike.scala:301),scala.collection.immutable.StringLike.toInt$(StringLike.scala:301),scala.collection.immutable.StringOps.toInt(StringOps.scala:29),examples.faulty.StudentGrade$.$anonfun$main$2(StudentGrade.scala:16),scala.collection.TraversableLike.$anonfun$map$1(TraversableLike.scala:234),scala.collection.immutable.List.foreach(List.scala:389),scala.collection.TraversableLike.map(TraversableLike.scala:234),scala.collection.TraversableLike.map$(TraversableLike.scala:227),scala.collection.immutable.List.map(List.scala:295),abstraction.BaseRDD.map(BaseRDD.scala:22),abstraction.BaseRDD.map(BaseRDD.scala:6),examples.faulty.StudentGrade$.main(StudentGrade.scala:15),runners.Config$.$anonfun$mapFunFuzzables$13(Config.scala:147),runners.Config$.$anonfun$mapFunFuzzables$13$adapted(Config.scala:147),fuzzer.Fuzzer$.Fuzz(Fuzzer.scala:60),runners.RunProvFuzzJar$.main(RunProvFuzzJar.scala:68),runners.RunProvFuzzJar.main(RunProvFuzzJar.scala)
569,java.lang.ArrayIndexOutOfBoundsException : 
