3,java.lang.ArrayIndexOutOfBoundsException : examples.faulty.InsideCircle$$anonfun$main$2.apply(InsideCircle.scala:22),examples.faulty.InsideCircle$$anonfun$main$2.apply(InsideCircle.scala:21),scala.collection.TraversableLike$$anonfun$map$1.apply(TraversableLike.scala:234),scala.collection.TraversableLike$$anonfun$map$1.apply(TraversableLike.scala:234),scala.collection.immutable.List.foreach(List.scala:381),scala.collection.TraversableLike$class.map(TraversableLike.scala:234),scala.collection.immutable.List.map(List.scala:285),abstraction.BaseRDD.map(BaseRDD.scala:22),abstraction.BaseRDD.map(BaseRDD.scala:6),examples.faulty.InsideCircle$.main(InsideCircle.scala:20),runners.Config$$anonfun$20.apply(Config.scala:92),runners.Config$$anonfun$20.apply(Config.scala:92),fuzzer.Fuzzer$.Fuzz(Fuzzer.scala:60),runners.RunBigFuzzJar$.main(RunBigFuzzJar.scala:34),runners.RunBigFuzzJar.main(RunBigFuzzJar.scala)
7,java.lang.NumberFormatException : java.lang.NumberFormatException.forInputString(NumberFormatException.java:65),java.lang.Integer.parseInt(Integer.java:580),java.lang.Integer.parseInt(Integer.java:615),scala.collection.immutable.StringLike$class.toInt(StringLike.scala:272),scala.collection.immutable.StringOps.toInt(StringOps.scala:29),examples.faulty.InsideCircle$$anonfun$main$2.apply(InsideCircle.scala:22),examples.faulty.InsideCircle$$anonfun$main$2.apply(InsideCircle.scala:21),scala.collection.TraversableLike$$anonfun$map$1.apply(TraversableLike.scala:234),scala.collection.TraversableLike$$anonfun$map$1.apply(TraversableLike.scala:234),scala.collection.immutable.List.foreach(List.scala:381),scala.collection.TraversableLike$class.map(TraversableLike.scala:234),scala.collection.immutable.List.map(List.scala:285),abstraction.BaseRDD.map(BaseRDD.scala:22),abstraction.BaseRDD.map(BaseRDD.scala:6),examples.faulty.InsideCircle$.main(InsideCircle.scala:20),runners.Config$$anonfun$20.apply(Config.scala:92),runners.Config$$anonfun$20.apply(Config.scala:92),fuzzer.Fuzzer$.Fuzz(Fuzzer.scala:60),runners.RunBigFuzzJar$.main(RunBigFuzzJar.scala:34),runners.RunBigFuzzJar.main(RunBigFuzzJar.scala)
10,java.lang.NumberFormatException : java.lang.NumberFormatException.forInputString(NumberFormatException.java:65),java.lang.Integer.parseInt(Integer.java:592),java.lang.Integer.parseInt(Integer.java:615),scala.collection.immutable.StringLike$class.toInt(StringLike.scala:272),scala.collection.immutable.StringOps.toInt(StringOps.scala:29),examples.faulty.InsideCircle$$anonfun$main$2.apply(InsideCircle.scala:22),examples.faulty.InsideCircle$$anonfun$main$2.apply(InsideCircle.scala:21),scala.collection.TraversableLike$$anonfun$map$1.apply(TraversableLike.scala:234),scala.collection.TraversableLike$$anonfun$map$1.apply(TraversableLike.scala:234),scala.collection.immutable.List.foreach(List.scala:381),scala.collection.TraversableLike$class.map(TraversableLike.scala:234),scala.collection.immutable.List.map(List.scala:285),abstraction.BaseRDD.map(BaseRDD.scala:22),abstraction.BaseRDD.map(BaseRDD.scala:6),examples.faulty.InsideCircle$.main(InsideCircle.scala:20),runners.Config$$anonfun$20.apply(Config.scala:92),runners.Config$$anonfun$20.apply(Config.scala:92),fuzzer.Fuzzer$.Fuzz(Fuzzer.scala:60),runners.RunBigFuzzJar$.main(RunBigFuzzJar.scala:34),runners.RunBigFuzzJar.main(RunBigFuzzJar.scala)
597,java.lang.Exception : examples.faulty.InsideCircle$.inside(InsideCircle.scala:8),examples.faulty.InsideCircle$$anonfun$main$3.apply(InsideCircle.scala:23),examples.faulty.InsideCircle$$anonfun$main$3.apply(InsideCircle.scala:23),scala.collection.TraversableLike$$anonfun$filterImpl$1.apply(TraversableLike.scala:248),scala.collection.immutable.List.foreach(List.scala:381),scala.collection.TraversableLike$class.filterImpl(TraversableLike.scala:247),scala.collection.TraversableLike$class.filter(TraversableLike.scala:259),scala.collection.AbstractTraversable.filter(Traversable.scala:104),abstraction.BaseRDD.filter(BaseRDD.scala:12),abstraction.BaseRDD.filter(BaseRDD.scala:6),examples.faulty.InsideCircle$.main(InsideCircle.scala:23),runners.Config$$anonfun$20.apply(Config.scala:92),runners.Config$$anonfun$20.apply(Config.scala:92),fuzzer.Fuzzer$.Fuzz(Fuzzer.scala:60),runners.RunBigFuzzJar$.main(RunBigFuzzJar.scala:34),runners.RunBigFuzzJar.main(RunBigFuzzJar.scala)
2243,java.lang.ArrayIndexOutOfBoundsException : 
