2,java.lang.RuntimeException : examples.faulty.FlightDistance$.toRad(FlightDistance.scala:69),examples.faulty.FlightDistance$.distance(FlightDistance.scala:50),examples.faulty.FlightDistance$.$anonfun$main$8(FlightDistance.scala:41),scala.collection.TraversableLike.$anonfun$map$1(TraversableLike.scala:234),scala.collection.immutable.List.foreach(List.scala:389),scala.collection.TraversableLike.map(TraversableLike.scala:234),scala.collection.TraversableLike.map$(TraversableLike.scala:227),scala.collection.immutable.List.map(List.scala:295),abstraction.BasePairRDD.map(BasePairRDD.scala:5),examples.faulty.FlightDistance$.main(FlightDistance.scala:39),runners.Config$.$anonfun$mapFunFuzzables$2(Config.scala:141),runners.Config$.$anonfun$mapFunFuzzables$2$adapted(Config.scala:141),fuzzer.Fuzzer$.Fuzz(Fuzzer.scala:60),runners.RunProvFuzzJar$.main(RunProvFuzzJar.scala:68),runners.RunProvFuzzJar.main(RunProvFuzzJar.scala)
7,java.lang.RuntimeException : examples.faulty.FlightDistance$.toRad(FlightDistance.scala:69),examples.faulty.FlightDistance$.distance(FlightDistance.scala:49),examples.faulty.FlightDistance$.$anonfun$main$8(FlightDistance.scala:41),scala.collection.TraversableLike.$anonfun$map$1(TraversableLike.scala:234),scala.collection.immutable.List.foreach(List.scala:389),scala.collection.TraversableLike.map(TraversableLike.scala:234),scala.collection.TraversableLike.map$(TraversableLike.scala:227),scala.collection.immutable.List.map(List.scala:295),abstraction.BasePairRDD.map(BasePairRDD.scala:5),examples.faulty.FlightDistance$.main(FlightDistance.scala:39),runners.Config$.$anonfun$mapFunFuzzables$2(Config.scala:141),runners.Config$.$anonfun$mapFunFuzzables$2$adapted(Config.scala:141),fuzzer.Fuzzer$.Fuzz(Fuzzer.scala:60),runners.RunProvFuzzJar$.main(RunProvFuzzJar.scala:68),runners.RunProvFuzzJar.main(RunProvFuzzJar.scala)
15,java.lang.RuntimeException : examples.faulty.FlightDistance$.distance(FlightDistance.scala:61),examples.faulty.FlightDistance$.$anonfun$main$8(FlightDistance.scala:41),scala.collection.TraversableLike.$anonfun$map$1(TraversableLike.scala:234),scala.collection.immutable.List.foreach(List.scala:389),scala.collection.TraversableLike.map(TraversableLike.scala:234),scala.collection.TraversableLike.map$(TraversableLike.scala:227),scala.collection.immutable.List.map(List.scala:295),abstraction.BasePairRDD.map(BasePairRDD.scala:5),examples.faulty.FlightDistance$.main(FlightDistance.scala:39),runners.Config$.$anonfun$mapFunFuzzables$2(Config.scala:141),runners.Config$.$anonfun$mapFunFuzzables$2$adapted(Config.scala:141),fuzzer.Fuzzer$.Fuzz(Fuzzer.scala:60),runners.RunProvFuzzJar$.main(RunProvFuzzJar.scala:68),runners.RunProvFuzzJar.main(RunProvFuzzJar.scala)
12767,java.lang.ArrayIndexOutOfBoundsException : examples.faulty.FlightDistance$.$anonfun$main$5(FlightDistance.scala:31),scala.collection.TraversableLike.$anonfun$map$1(TraversableLike.scala:234),scala.collection.immutable.List.foreach(List.scala:389),scala.collection.TraversableLike.map(TraversableLike.scala:234),scala.collection.TraversableLike.map$(TraversableLike.scala:227),scala.collection.immutable.List.map(List.scala:295),abstraction.BaseRDD.map(BaseRDD.scala:22),abstraction.BaseRDD.map(BaseRDD.scala:6),examples.faulty.FlightDistance$.main(FlightDistance.scala:31),runners.Config$.$anonfun$mapFunFuzzables$2(Config.scala:141),runners.Config$.$anonfun$mapFunFuzzables$2$adapted(Config.scala:141),fuzzer.Fuzzer$.Fuzz(Fuzzer.scala:60),runners.RunProvFuzzJar$.main(RunProvFuzzJar.scala:68),runners.RunProvFuzzJar.main(RunProvFuzzJar.scala)
21340,java.lang.NumberFormatException : sun.misc.FloatingDecimal.readJavaFormatString(FloatingDecimal.java:2043),sun.misc.FloatingDecimal.parseFloat(FloatingDecimal.java:122),java.lang.Float.parseFloat(Float.java:451),scala.collection.immutable.StringLike.toFloat(StringLike.scala:312),scala.collection.immutable.StringLike.toFloat$(StringLike.scala:312),scala.collection.immutable.StringOps.toFloat(StringOps.scala:29),examples.faulty.FlightDistance$.$anonfun$main$8(FlightDistance.scala:41),scala.collection.TraversableLike.$anonfun$map$1(TraversableLike.scala:234),scala.collection.immutable.List.foreach(List.scala:389),scala.collection.TraversableLike.map(TraversableLike.scala:234),scala.collection.TraversableLike.map$(TraversableLike.scala:227),scala.collection.immutable.List.map(List.scala:295),abstraction.BasePairRDD.map(BasePairRDD.scala:5),examples.faulty.FlightDistance$.main(FlightDistance.scala:39),runners.Config$.$anonfun$mapFunFuzzables$2(Config.scala:141),runners.Config$.$anonfun$mapFunFuzzables$2$adapted(Config.scala:141),fuzzer.Fuzzer$.Fuzz(Fuzzer.scala:60),runners.RunProvFuzzJar$.main(RunProvFuzzJar.scala:68),runners.RunProvFuzzJar.main(RunProvFuzzJar.scala)
31526,java.lang.ArrayIndexOutOfBoundsException : 
