83,java.lang.NumberFormatException : java.lang.NumberFormatException.forInputString(NumberFormatException.java:65),java.lang.Integer.parseInt(Integer.java:592),java.lang.Integer.parseInt(Integer.java:615),scala.collection.immutable.StringLike.toInt(StringLike.scala:301),scala.collection.immutable.StringLike.toInt$(StringLike.scala:301),scala.collection.immutable.StringOps.toInt(StringOps.scala:29),examples.faulty.LoanType$.$anonfun$main$2(LoanType.scala:15),scala.collection.TraversableLike.$anonfun$map$1(TraversableLike.scala:234),scala.collection.immutable.List.foreach(List.scala:389),scala.collection.TraversableLike.map(TraversableLike.scala:234),scala.collection.TraversableLike.map$(TraversableLike.scala:227),scala.collection.immutable.List.map(List.scala:295),abstraction.BaseRDD.map(BaseRDD.scala:22),abstraction.BaseRDD.map(BaseRDD.scala:6),examples.faulty.LoanType$.main(LoanType.scala:14),runners.Config$.$anonfun$mapFunFuzzables$23(Config.scala:157),runners.Config$.$anonfun$mapFunFuzzables$23$adapted(Config.scala:157),fuzzer.Fuzzer$.Fuzz(Fuzzer.scala:60),runners.RunProvFuzzJar$.main(RunProvFuzzJar.scala:68),runners.RunProvFuzzJar.main(RunProvFuzzJar.scala)
520,java.lang.NumberFormatException : java.lang.NumberFormatException.forInputString(NumberFormatException.java:65),java.lang.Integer.parseInt(Integer.java:580),java.lang.Integer.parseInt(Integer.java:615),scala.collection.immutable.StringLike.toInt(StringLike.scala:301),scala.collection.immutable.StringLike.toInt$(StringLike.scala:301),scala.collection.immutable.StringOps.toInt(StringOps.scala:29),examples.faulty.LoanType$.$anonfun$main$2(LoanType.scala:15),scala.collection.TraversableLike.$anonfun$map$1(TraversableLike.scala:234),scala.collection.immutable.List.foreach(List.scala:389),scala.collection.TraversableLike.map(TraversableLike.scala:234),scala.collection.TraversableLike.map$(TraversableLike.scala:227),scala.collection.immutable.List.map(List.scala:295),abstraction.BaseRDD.map(BaseRDD.scala:22),abstraction.BaseRDD.map(BaseRDD.scala:6),examples.faulty.LoanType$.main(LoanType.scala:14),runners.Config$.$anonfun$mapFunFuzzables$23(Config.scala:157),runners.Config$.$anonfun$mapFunFuzzables$23$adapted(Config.scala:157),fuzzer.Fuzzer$.Fuzz(Fuzzer.scala:60),runners.RunProvFuzzJar$.main(RunProvFuzzJar.scala:68),runners.RunProvFuzzJar.main(RunProvFuzzJar.scala)
535,java.lang.NumberFormatException : sun.misc.FloatingDecimal.readJavaFormatString(FloatingDecimal.java:1842),sun.misc.FloatingDecimal.parseFloat(FloatingDecimal.java:122),java.lang.Float.parseFloat(Float.java:451),scala.collection.immutable.StringLike.toFloat(StringLike.scala:312),scala.collection.immutable.StringLike.toFloat$(StringLike.scala:312),scala.collection.immutable.StringOps.toFloat(StringOps.scala:29),examples.faulty.LoanType$.$anonfun$main$2(LoanType.scala:15),scala.collection.TraversableLike.$anonfun$map$1(TraversableLike.scala:234),scala.collection.immutable.List.foreach(List.scala:389),scala.collection.TraversableLike.map(TraversableLike.scala:234),scala.collection.TraversableLike.map$(TraversableLike.scala:227),scala.collection.immutable.List.map(List.scala:295),abstraction.BaseRDD.map(BaseRDD.scala:22),abstraction.BaseRDD.map(BaseRDD.scala:6),examples.faulty.LoanType$.main(LoanType.scala:14),runners.Config$.$anonfun$mapFunFuzzables$23(Config.scala:157),runners.Config$.$anonfun$mapFunFuzzables$23$adapted(Config.scala:157),fuzzer.Fuzzer$.Fuzz(Fuzzer.scala:60),runners.RunProvFuzzJar$.main(RunProvFuzzJar.scala:68),runners.RunProvFuzzJar.main(RunProvFuzzJar.scala)
922,java.lang.RuntimeException : examples.faulty.LoanType$.$anonfun$main$3(LoanType.scala:19),scala.collection.TraversableLike.$anonfun$map$1(TraversableLike.scala:234),scala.collection.immutable.List.foreach(List.scala:389),scala.collection.TraversableLike.map(TraversableLike.scala:234),scala.collection.TraversableLike.map$(TraversableLike.scala:227),scala.collection.immutable.List.map(List.scala:295),abstraction.BaseRDD.map(BaseRDD.scala:22),abstraction.BaseRDD.map(BaseRDD.scala:6),examples.faulty.LoanType$.main(LoanType.scala:17),runners.Config$.$anonfun$mapFunFuzzables$23(Config.scala:157),runners.Config$.$anonfun$mapFunFuzzables$23$adapted(Config.scala:157),fuzzer.Fuzzer$.Fuzz(Fuzzer.scala:60),runners.RunProvFuzzJar$.main(RunProvFuzzJar.scala:68),runners.RunProvFuzzJar.main(RunProvFuzzJar.scala)
951,java.lang.ArrayIndexOutOfBoundsException : examples.faulty.LoanType$.$anonfun$main$2(LoanType.scala:15),scala.collection.TraversableLike.$anonfun$map$1(TraversableLike.scala:234),scala.collection.immutable.List.foreach(List.scala:389),scala.collection.TraversableLike.map(TraversableLike.scala:234),scala.collection.TraversableLike.map$(TraversableLike.scala:227),scala.collection.immutable.List.map(List.scala:295),abstraction.BaseRDD.map(BaseRDD.scala:22),abstraction.BaseRDD.map(BaseRDD.scala:6),examples.faulty.LoanType$.main(LoanType.scala:14),runners.Config$.$anonfun$mapFunFuzzables$23(Config.scala:157),runners.Config$.$anonfun$mapFunFuzzables$23$adapted(Config.scala:157),fuzzer.Fuzzer$.Fuzz(Fuzzer.scala:60),runners.RunProvFuzzJar$.main(RunProvFuzzJar.scala:68),runners.RunProvFuzzJar.main(RunProvFuzzJar.scala)
1699,java.lang.ArrayIndexOutOfBoundsException : 
6008,java.lang.NumberFormatException : sun.misc.FloatingDecimal.readJavaFormatString(FloatingDecimal.java:2043),sun.misc.FloatingDecimal.parseFloat(FloatingDecimal.java:122),java.lang.Float.parseFloat(Float.java:451),scala.collection.immutable.StringLike.toFloat(StringLike.scala:312),scala.collection.immutable.StringLike.toFloat$(StringLike.scala:312),scala.collection.immutable.StringOps.toFloat(StringOps.scala:29),examples.faulty.LoanType$.$anonfun$main$2(LoanType.scala:15),scala.collection.TraversableLike.$anonfun$map$1(TraversableLike.scala:234),scala.collection.immutable.List.foreach(List.scala:389),scala.collection.TraversableLike.map(TraversableLike.scala:234),scala.collection.TraversableLike.map$(TraversableLike.scala:227),scala.collection.immutable.List.map(List.scala:295),abstraction.BaseRDD.map(BaseRDD.scala:22),abstraction.BaseRDD.map(BaseRDD.scala:6),examples.faulty.LoanType$.main(LoanType.scala:14),runners.Config$.$anonfun$mapFunFuzzables$23(Config.scala:157),runners.Config$.$anonfun$mapFunFuzzables$23$adapted(Config.scala:157),fuzzer.Fuzzer$.Fuzz(Fuzzer.scala:60),runners.RunProvFuzzJar$.main(RunProvFuzzJar.scala:68),runners.RunProvFuzzJar.main(RunProvFuzzJar.scala)
