2,Crash_da39a3ee5e6b4b0d3255bfef95601890afd80709.java
108,Crash_a72285aee8f6ac8eccd1e3d3a5b73185408bfd9f.java
127,Crash_dd0f0527f7e95b943799d4758e145e5a69dc9479.java
2650,Crash_bbbf1101817729c4acad0f20c8a3b32cfc2e7a1c.java
145821,Crash_974ffc3822ea1f9a70123f413f4efb1fe244e466.java
152281,Crash_d9b673d42f5e4c185499080de3b8e5d9e33d5516.java
164263,Crash_f1a63ca712eb0941893edd11baa7abe9845f3cb3.java
266284,Crash_ab1eae3f66cb48fd83eedb7b4daf49b171470947.java
452666,Crash_52947127850f9c749a81ba136e4f08d2afc365aa.java
453691,Crash_c6b42adc2cd39f5bb05cba3d72704a3355acbe3e.java
