1,java.lang.ArrayIndexOutOfBoundsException : examples.faulty.StudentGrade$.map1(StudentGrade.scala:32),examples.faulty.StudentGrade$.$anonfun$main$2(StudentGrade.scala:16),scala.collection.TraversableLike.$anonfun$map$1(TraversableLike.scala:234),scala.collection.immutable.List.foreach(List.scala:389),scala.collection.TraversableLike.map(TraversableLike.scala:234),scala.collection.TraversableLike.map$(TraversableLike.scala:227),scala.collection.immutable.List.map(List.scala:295),abstraction.BaseRDD.map(BaseRDD.scala:22),abstraction.BaseRDD.map(BaseRDD.scala:6),examples.faulty.StudentGrade$.main(StudentGrade.scala:15),runners.Config$.$anonfun$mapFunFuzzables$14(Config.scala:153),runners.Config$.$anonfun$mapFunFuzzables$14$adapted(Config.scala:153),fuzzer.Fuzzer$.Fuzz(Fuzzer.scala:60),runners.RunBigFuzzJar$.main(RunBigFuzzJar.scala:34),runners.RunBigFuzzJar.main(RunBigFuzzJar.scala)
2,java.lang.NumberFormatException : java.lang.NumberFormatException.forInputString(NumberFormatException.java:65),java.lang.Integer.parseInt(Integer.java:580),java.lang.Integer.parseInt(Integer.java:615),scala.collection.immutable.StringLike.toInt(StringLike.scala:301),scala.collection.immutable.StringLike.toInt$(StringLike.scala:301),scala.collection.immutable.StringOps.toInt(StringOps.scala:29),examples.faulty.StudentGrade$.map1(StudentGrade.scala:32),examples.faulty.StudentGrade$.$anonfun$main$2(StudentGrade.scala:16),scala.collection.TraversableLike.$anonfun$map$1(TraversableLike.scala:234),scala.collection.immutable.List.foreach(List.scala:389),scala.collection.TraversableLike.map(TraversableLike.scala:234),scala.collection.TraversableLike.map$(TraversableLike.scala:227),scala.collection.immutable.List.map(List.scala:295),abstraction.BaseRDD.map(BaseRDD.scala:22),abstraction.BaseRDD.map(BaseRDD.scala:6),examples.faulty.StudentGrade$.main(StudentGrade.scala:15),runners.Config$.$anonfun$mapFunFuzzables$14(Config.scala:153),runners.Config$.$anonfun$mapFunFuzzables$14$adapted(Config.scala:153),fuzzer.Fuzzer$.Fuzz(Fuzzer.scala:60),runners.RunBigFuzzJar$.main(RunBigFuzzJar.scala:34),runners.RunBigFuzzJar.main(RunBigFuzzJar.scala)
331,java.lang.RuntimeException : examples.faulty.StudentGrade$.map2(StudentGrade.scala:38),examples.faulty.StudentGrade$.$anonfun$main$3(StudentGrade.scala:19),scala.collection.TraversableLike.$anonfun$map$1(TraversableLike.scala:234),scala.collection.immutable.List.foreach(List.scala:389),scala.collection.TraversableLike.map(TraversableLike.scala:234),scala.collection.TraversableLike.map$(TraversableLike.scala:227),scala.collection.immutable.List.map(List.scala:295),abstraction.BaseRDD.map(BaseRDD.scala:22),abstraction.BaseRDD.map(BaseRDD.scala:6),examples.faulty.StudentGrade$.main(StudentGrade.scala:18),runners.Config$.$anonfun$mapFunFuzzables$14(Config.scala:153),runners.Config$.$anonfun$mapFunFuzzables$14$adapted(Config.scala:153),fuzzer.Fuzzer$.Fuzz(Fuzzer.scala:60),runners.RunBigFuzzJar$.main(RunBigFuzzJar.scala:34),runners.RunBigFuzzJar.main(RunBigFuzzJar.scala)
1455,java.lang.RuntimeException : examples.faulty.StudentGrade$.map1(StudentGrade.scala:33),examples.faulty.StudentGrade$.$anonfun$main$2(StudentGrade.scala:16),scala.collection.TraversableLike.$anonfun$map$1(TraversableLike.scala:234),scala.collection.immutable.List.foreach(List.scala:389),scala.collection.TraversableLike.map(TraversableLike.scala:234),scala.collection.TraversableLike.map$(TraversableLike.scala:227),scala.collection.immutable.List.map(List.scala:295),abstraction.BaseRDD.map(BaseRDD.scala:22),abstraction.BaseRDD.map(BaseRDD.scala:6),examples.faulty.StudentGrade$.main(StudentGrade.scala:15),runners.Config$.$anonfun$mapFunFuzzables$14(Config.scala:153),runners.Config$.$anonfun$mapFunFuzzables$14$adapted(Config.scala:153),fuzzer.Fuzzer$.Fuzz(Fuzzer.scala:60),runners.RunBigFuzzJar$.main(RunBigFuzzJar.scala:34),runners.RunBigFuzzJar.main(RunBigFuzzJar.scala)
1988,java.lang.ArrayIndexOutOfBoundsException : 
