0,scala.MatchError : examples.faulty.Customers$.$anonfun$main$4(Customers.scala:33),scala.collection.TraversableLike.$anonfun$map$1(TraversableLike.scala:234),scala.collection.immutable.List.foreach(List.scala:389),scala.collection.TraversableLike.map(TraversableLike.scala:234),scala.collection.TraversableLike.map$(TraversableLike.scala:227),scala.collection.immutable.List.map(List.scala:295),abstraction.BaseRDD.map(BaseRDD.scala:22),abstraction.BaseRDD.map(BaseRDD.scala:6),examples.faulty.Customers$.main(Customers.scala:32),runners.Config$.$anonfun$mapFunFuzzables$10(Config.scala:145),runners.Config$.$anonfun$mapFunFuzzables$10$adapted(Config.scala:145),fuzzer.Fuzzer$.Fuzz(Fuzzer.scala:60),runners.RunProvFuzzJar$.main(RunProvFuzzJar.scala:68),runners.RunProvFuzzJar.main(RunProvFuzzJar.scala)
411,java.lang.ArrayIndexOutOfBoundsException : examples.faulty.Customers$.$anonfun$main$3(Customers.scala:28),scala.collection.TraversableLike.$anonfun$map$1(TraversableLike.scala:234),scala.collection.immutable.List.foreach(List.scala:389),scala.collection.TraversableLike.map(TraversableLike.scala:234),scala.collection.TraversableLike.map$(TraversableLike.scala:227),scala.collection.immutable.List.map(List.scala:295),abstraction.BaseRDD.map(BaseRDD.scala:22),abstraction.BaseRDD.map(BaseRDD.scala:6),examples.faulty.Customers$.main(Customers.scala:26),runners.Config$.$anonfun$mapFunFuzzables$10(Config.scala:145),runners.Config$.$anonfun$mapFunFuzzables$10$adapted(Config.scala:145),fuzzer.Fuzzer$.Fuzz(Fuzzer.scala:60),runners.RunProvFuzzJar$.main(RunProvFuzzJar.scala:68),runners.RunProvFuzzJar.main(RunProvFuzzJar.scala)
5863,java.lang.ArrayIndexOutOfBoundsException : 
16104,java.lang.NumberFormatException : java.lang.NumberFormatException.forInputString(NumberFormatException.java:65),java.lang.Integer.parseInt(Integer.java:592),java.lang.Integer.parseInt(Integer.java:615),scala.collection.immutable.StringLike.toInt(StringLike.scala:301),scala.collection.immutable.StringLike.toInt$(StringLike.scala:301),scala.collection.immutable.StringOps.toInt(StringOps.scala:29),examples.faulty.Customers$.$anonfun$main$5(Customers.scala:39),examples.faulty.Customers$.$anonfun$main$5$adapted(Customers.scala:37),scala.collection.TraversableLike.$anonfun$filterImpl$1(TraversableLike.scala:248),scala.collection.immutable.List.foreach(List.scala:389),scala.collection.TraversableLike.filterImpl(TraversableLike.scala:247),scala.collection.TraversableLike.filterImpl$(TraversableLike.scala:245),scala.collection.AbstractTraversable.filterImpl(Traversable.scala:104),scala.collection.TraversableLike.filter(TraversableLike.scala:259),scala.collection.TraversableLike.filter$(TraversableLike.scala:259),scala.collection.AbstractTraversable.filter(Traversable.scala:104),abstraction.BasePairRDD.filter(BasePairRDD.scala:9),examples.faulty.Customers$.main(Customers.scala:37),runners.Config$.$anonfun$mapFunFuzzables$10(Config.scala:145),runners.Config$.$anonfun$mapFunFuzzables$10$adapted(Config.scala:145),fuzzer.Fuzzer$.Fuzz(Fuzzer.scala:60),runners.RunProvFuzzJar$.main(RunProvFuzzJar.scala:68),runners.RunProvFuzzJar.main(RunProvFuzzJar.scala)
17499,java.lang.NumberFormatException : java.lang.NumberFormatException.forInputString(NumberFormatException.java:65),java.lang.Integer.parseInt(Integer.java:580),java.lang.Integer.parseInt(Integer.java:615),scala.collection.immutable.StringLike.toInt(StringLike.scala:301),scala.collection.immutable.StringLike.toInt$(StringLike.scala:301),scala.collection.immutable.StringOps.toInt(StringOps.scala:29),examples.faulty.Customers$.$anonfun$main$5(Customers.scala:39),examples.faulty.Customers$.$anonfun$main$5$adapted(Customers.scala:37),scala.collection.TraversableLike.$anonfun$filterImpl$1(TraversableLike.scala:248),scala.collection.immutable.List.foreach(List.scala:389),scala.collection.TraversableLike.filterImpl(TraversableLike.scala:247),scala.collection.TraversableLike.filterImpl$(TraversableLike.scala:245),scala.collection.AbstractTraversable.filterImpl(Traversable.scala:104),scala.collection.TraversableLike.filter(TraversableLike.scala:259),scala.collection.TraversableLike.filter$(TraversableLike.scala:259),scala.collection.AbstractTraversable.filter(Traversable.scala:104),abstraction.BasePairRDD.filter(BasePairRDD.scala:9),examples.faulty.Customers$.main(Customers.scala:37),runners.Config$.$anonfun$mapFunFuzzables$10(Config.scala:145),runners.Config$.$anonfun$mapFunFuzzables$10$adapted(Config.scala:145),fuzzer.Fuzzer$.Fuzz(Fuzzer.scala:60),runners.RunProvFuzzJar$.main(RunProvFuzzJar.scala:68),runners.RunProvFuzzJar.main(RunProvFuzzJar.scala)
