3,java.lang.NumberFormatException : java.lang.NumberFormatException.forInputString(NumberFormatException.java:65),java.lang.Integer.parseInt(Integer.java:592),java.lang.Integer.parseInt(Integer.java:615),scala.collection.immutable.StringLike.toInt(StringLike.scala:301),scala.collection.immutable.StringLike.toInt$(StringLike.scala:301),scala.collection.immutable.StringOps.toInt(StringOps.scala:29),examples.faulty.AgeAnalysis$.$anonfun$main$2(AgeAnalysis.scala:17),scala.collection.TraversableLike.$anonfun$map$1(TraversableLike.scala:234),scala.collection.immutable.List.foreach(List.scala:389),scala.collection.TraversableLike.map(TraversableLike.scala:234),scala.collection.TraversableLike.map$(TraversableLike.scala:227),scala.collection.immutable.List.map(List.scala:295),abstraction.BaseRDD.map(BaseRDD.scala:22),abstraction.BaseRDD.map(BaseRDD.scala:6),examples.faulty.AgeAnalysis$.main(AgeAnalysis.scala:15),runners.Config$.$anonfun$mapFunFuzzables$16(Config.scala:150),runners.Config$.$anonfun$mapFunFuzzables$16$adapted(Config.scala:150),fuzzer.Fuzzer$.Fuzz(Fuzzer.scala:60),runners.RunProvFuzzJar$.main(RunProvFuzzJar.scala:66),runners.RunProvFuzzJar.main(RunProvFuzzJar.scala)
40,java.lang.ArrayIndexOutOfBoundsException : examples.faulty.AgeAnalysis$.$anonfun$main$2(AgeAnalysis.scala:17),scala.collection.TraversableLike.$anonfun$map$1(TraversableLike.scala:234),scala.collection.immutable.List.foreach(List.scala:389),scala.collection.TraversableLike.map(TraversableLike.scala:234),scala.collection.TraversableLike.map$(TraversableLike.scala:227),scala.collection.immutable.List.map(List.scala:295),abstraction.BaseRDD.map(BaseRDD.scala:22),abstraction.BaseRDD.map(BaseRDD.scala:6),examples.faulty.AgeAnalysis$.main(AgeAnalysis.scala:15),runners.Config$.$anonfun$mapFunFuzzables$16(Config.scala:150),runners.Config$.$anonfun$mapFunFuzzables$16$adapted(Config.scala:150),fuzzer.Fuzzer$.Fuzz(Fuzzer.scala:60),runners.RunProvFuzzJar$.main(RunProvFuzzJar.scala:66),runners.RunProvFuzzJar.main(RunProvFuzzJar.scala)
71,java.lang.RuntimeException : examples.faulty.AgeAnalysis$.$anonfun$main$3(AgeAnalysis.scala:20),examples.faulty.AgeAnalysis$.$anonfun$main$3$adapted(AgeAnalysis.scala:19),scala.collection.TraversableLike.$anonfun$filterImpl$1(TraversableLike.scala:248),scala.collection.immutable.List.foreach(List.scala:389),scala.collection.TraversableLike.filterImpl(TraversableLike.scala:247),scala.collection.TraversableLike.filterImpl$(TraversableLike.scala:245),scala.collection.AbstractTraversable.filterImpl(Traversable.scala:104),scala.collection.TraversableLike.filter(TraversableLike.scala:259),scala.collection.TraversableLike.filter$(TraversableLike.scala:259),scala.collection.AbstractTraversable.filter(Traversable.scala:104),abstraction.BaseRDD.filter(BaseRDD.scala:12),abstraction.BaseRDD.filter(BaseRDD.scala:6),examples.faulty.AgeAnalysis$.main(AgeAnalysis.scala:19),runners.Config$.$anonfun$mapFunFuzzables$16(Config.scala:150),runners.Config$.$anonfun$mapFunFuzzables$16$adapted(Config.scala:150),fuzzer.Fuzzer$.Fuzz(Fuzzer.scala:60),runners.RunProvFuzzJar$.main(RunProvFuzzJar.scala:66),runners.RunProvFuzzJar.main(RunProvFuzzJar.scala)
83,java.lang.NumberFormatException : java.lang.NumberFormatException.forInputString(NumberFormatException.java:65),java.lang.Integer.parseInt(Integer.java:592),java.lang.Integer.parseInt(Integer.java:615),scala.collection.immutable.StringLike.toInt(StringLike.scala:301),scala.collection.immutable.StringLike.toInt$(StringLike.scala:301),scala.collection.immutable.StringOps.toInt(StringOps.scala:29),examples.faulty.AgeAnalysis$.$anonfun$main$3(AgeAnalysis.scala:20),examples.faulty.AgeAnalysis$.$anonfun$main$3$adapted(AgeAnalysis.scala:19),scala.collection.TraversableLike.$anonfun$filterImpl$1(TraversableLike.scala:248),scala.collection.immutable.List.foreach(List.scala:389),scala.collection.TraversableLike.filterImpl(TraversableLike.scala:247),scala.collection.TraversableLike.filterImpl$(TraversableLike.scala:245),scala.collection.AbstractTraversable.filterImpl(Traversable.scala:104),scala.collection.TraversableLike.filter(TraversableLike.scala:259),scala.collection.TraversableLike.filter$(TraversableLike.scala:259),scala.collection.AbstractTraversable.filter(Traversable.scala:104),abstraction.BaseRDD.filter(BaseRDD.scala:12),abstraction.BaseRDD.filter(BaseRDD.scala:6),examples.faulty.AgeAnalysis$.main(AgeAnalysis.scala:19),runners.Config$.$anonfun$mapFunFuzzables$16(Config.scala:150),runners.Config$.$anonfun$mapFunFuzzables$16$adapted(Config.scala:150),fuzzer.Fuzzer$.Fuzz(Fuzzer.scala:60),runners.RunProvFuzzJar$.main(RunProvFuzzJar.scala:66),runners.RunProvFuzzJar.main(RunProvFuzzJar.scala)
325,java.lang.NumberFormatException : java.lang.NumberFormatException.forInputString(NumberFormatException.java:65),java.lang.Integer.parseInt(Integer.java:580),java.lang.Integer.parseInt(Integer.java:615),scala.collection.immutable.StringLike.toInt(StringLike.scala:301),scala.collection.immutable.StringLike.toInt$(StringLike.scala:301),scala.collection.immutable.StringOps.toInt(StringOps.scala:29),examples.faulty.AgeAnalysis$.$anonfun$main$2(AgeAnalysis.scala:17),scala.collection.TraversableLike.$anonfun$map$1(TraversableLike.scala:234),scala.collection.immutable.List.foreach(List.scala:389),scala.collection.TraversableLike.map(TraversableLike.scala:234),scala.collection.TraversableLike.map$(TraversableLike.scala:227),scala.collection.immutable.List.map(List.scala:295),abstraction.BaseRDD.map(BaseRDD.scala:22),abstraction.BaseRDD.map(BaseRDD.scala:6),examples.faulty.AgeAnalysis$.main(AgeAnalysis.scala:15),runners.Config$.$anonfun$mapFunFuzzables$16(Config.scala:150),runners.Config$.$anonfun$mapFunFuzzables$16$adapted(Config.scala:150),fuzzer.Fuzzer$.Fuzz(Fuzzer.scala:60),runners.RunProvFuzzJar$.main(RunProvFuzzJar.scala:66),runners.RunProvFuzzJar.main(RunProvFuzzJar.scala)
556,java.lang.NumberFormatException : java.lang.NumberFormatException.forInputString(NumberFormatException.java:65),java.lang.Integer.parseInt(Integer.java:580),java.lang.Integer.parseInt(Integer.java:615),scala.collection.immutable.StringLike.toInt(StringLike.scala:301),scala.collection.immutable.StringLike.toInt$(StringLike.scala:301),scala.collection.immutable.StringOps.toInt(StringOps.scala:29),examples.faulty.AgeAnalysis$.$anonfun$main$3(AgeAnalysis.scala:20),examples.faulty.AgeAnalysis$.$anonfun$main$3$adapted(AgeAnalysis.scala:19),scala.collection.TraversableLike.$anonfun$filterImpl$1(TraversableLike.scala:248),scala.collection.immutable.List.foreach(List.scala:389),scala.collection.TraversableLike.filterImpl(TraversableLike.scala:247),scala.collection.TraversableLike.filterImpl$(TraversableLike.scala:245),scala.collection.AbstractTraversable.filterImpl(Traversable.scala:104),scala.collection.TraversableLike.filter(TraversableLike.scala:259),scala.collection.TraversableLike.filter$(TraversableLike.scala:259),scala.collection.AbstractTraversable.filter(Traversable.scala:104),abstraction.BaseRDD.filter(BaseRDD.scala:12),abstraction.BaseRDD.filter(BaseRDD.scala:6),examples.faulty.AgeAnalysis$.main(AgeAnalysis.scala:19),runners.Config$.$anonfun$mapFunFuzzables$16(Config.scala:150),runners.Config$.$anonfun$mapFunFuzzables$16$adapted(Config.scala:150),fuzzer.Fuzzer$.Fuzz(Fuzzer.scala:60),runners.RunProvFuzzJar$.main(RunProvFuzzJar.scala:66),runners.RunProvFuzzJar.main(RunProvFuzzJar.scala)
875,java.lang.ArrayIndexOutOfBoundsException : 
