0,java.lang.ArrayIndexOutOfBoundsException : examples.faulty.Delays$.$anonfun$main$4(Delays.scala:23),scala.collection.TraversableLike.$anonfun$map$1(TraversableLike.scala:234),scala.collection.immutable.List.foreach(List.scala:389),scala.collection.TraversableLike.map(TraversableLike.scala:234),scala.collection.TraversableLike.map$(TraversableLike.scala:227),scala.collection.immutable.List.map(List.scala:295),abstraction.BaseRDD.map(BaseRDD.scala:22),abstraction.BaseRDD.map(BaseRDD.scala:6),examples.faulty.Delays$.main(Delays.scala:23),runners.Config$.$anonfun$mapFunFuzzables$8(Config.scala:144),runners.Config$.$anonfun$mapFunFuzzables$8$adapted(Config.scala:144),fuzzer.Fuzzer$.Fuzz(Fuzzer.scala:60),runners.RunProvFuzzJar$.main(RunProvFuzzJar.scala:68),runners.RunProvFuzzJar.main(RunProvFuzzJar.scala)
1,java.lang.ArrayIndexOutOfBoundsException : examples.faulty.Delays$.$anonfun$main$2(Delays.scala:18),scala.collection.TraversableLike.$anonfun$map$1(TraversableLike.scala:234),scala.collection.immutable.List.foreach(List.scala:389),scala.collection.TraversableLike.map(TraversableLike.scala:234),scala.collection.TraversableLike.map$(TraversableLike.scala:227),scala.collection.immutable.List.map(List.scala:295),abstraction.BaseRDD.map(BaseRDD.scala:22),abstraction.BaseRDD.map(BaseRDD.scala:6),examples.faulty.Delays$.main(Delays.scala:18),runners.Config$.$anonfun$mapFunFuzzables$8(Config.scala:144),runners.Config$.$anonfun$mapFunFuzzables$8$adapted(Config.scala:144),fuzzer.Fuzzer$.Fuzz(Fuzzer.scala:60),runners.RunProvFuzzJar$.main(RunProvFuzzJar.scala:68),runners.RunProvFuzzJar.main(RunProvFuzzJar.scala)
2,java.lang.NumberFormatException : java.lang.NumberFormatException.forInputString(NumberFormatException.java:65),java.lang.Integer.parseInt(Integer.java:592),java.lang.Integer.parseInt(Integer.java:615),scala.collection.immutable.StringLike.toInt(StringLike.scala:301),scala.collection.immutable.StringLike.toInt$(StringLike.scala:301),scala.collection.immutable.StringOps.toInt(StringOps.scala:29),examples.faulty.Delays$.$anonfun$main$2(Delays.scala:18),scala.collection.TraversableLike.$anonfun$map$1(TraversableLike.scala:234),scala.collection.immutable.List.foreach(List.scala:389),scala.collection.TraversableLike.map(TraversableLike.scala:234),scala.collection.TraversableLike.map$(TraversableLike.scala:227),scala.collection.immutable.List.map(List.scala:295),abstraction.BaseRDD.map(BaseRDD.scala:22),abstraction.BaseRDD.map(BaseRDD.scala:6),examples.faulty.Delays$.main(Delays.scala:18),runners.Config$.$anonfun$mapFunFuzzables$8(Config.scala:144),runners.Config$.$anonfun$mapFunFuzzables$8$adapted(Config.scala:144),fuzzer.Fuzzer$.Fuzz(Fuzzer.scala:60),runners.RunProvFuzzJar$.main(RunProvFuzzJar.scala:68),runners.RunProvFuzzJar.main(RunProvFuzzJar.scala)
7,java.lang.NumberFormatException : java.lang.NumberFormatException.forInputString(NumberFormatException.java:65),java.lang.Integer.parseInt(Integer.java:580),java.lang.Integer.parseInt(Integer.java:615),scala.collection.immutable.StringLike.toInt(StringLike.scala:301),scala.collection.immutable.StringLike.toInt$(StringLike.scala:301),scala.collection.immutable.StringOps.toInt(StringOps.scala:29),examples.faulty.Delays$.$anonfun$main$2(Delays.scala:18),scala.collection.TraversableLike.$anonfun$map$1(TraversableLike.scala:234),scala.collection.immutable.List.foreach(List.scala:389),scala.collection.TraversableLike.map(TraversableLike.scala:234),scala.collection.TraversableLike.map$(TraversableLike.scala:227),scala.collection.immutable.List.map(List.scala:295),abstraction.BaseRDD.map(BaseRDD.scala:22),abstraction.BaseRDD.map(BaseRDD.scala:6),examples.faulty.Delays$.main(Delays.scala:18),runners.Config$.$anonfun$mapFunFuzzables$8(Config.scala:144),runners.Config$.$anonfun$mapFunFuzzables$8$adapted(Config.scala:144),fuzzer.Fuzzer$.Fuzz(Fuzzer.scala:60),runners.RunProvFuzzJar$.main(RunProvFuzzJar.scala:68),runners.RunProvFuzzJar.main(RunProvFuzzJar.scala)
31,java.lang.ArrayIndexOutOfBoundsException : 
948,java.lang.NumberFormatException : java.lang.NumberFormatException.forInputString(NumberFormatException.java:65),java.lang.Integer.parseInt(Integer.java:569),java.lang.Integer.parseInt(Integer.java:615),scala.collection.immutable.StringLike.toInt(StringLike.scala:301),scala.collection.immutable.StringLike.toInt$(StringLike.scala:301),scala.collection.immutable.StringOps.toInt(StringOps.scala:29),examples.faulty.Delays$.$anonfun$main$2(Delays.scala:18),scala.collection.TraversableLike.$anonfun$map$1(TraversableLike.scala:234),scala.collection.immutable.List.foreach(List.scala:389),scala.collection.TraversableLike.map(TraversableLike.scala:234),scala.collection.TraversableLike.map$(TraversableLike.scala:227),scala.collection.immutable.List.map(List.scala:295),abstraction.BaseRDD.map(BaseRDD.scala:22),abstraction.BaseRDD.map(BaseRDD.scala:6),examples.faulty.Delays$.main(Delays.scala:18),runners.Config$.$anonfun$mapFunFuzzables$8(Config.scala:144),runners.Config$.$anonfun$mapFunFuzzables$8$adapted(Config.scala:144),fuzzer.Fuzzer$.Fuzz(Fuzzer.scala:60),runners.RunProvFuzzJar$.main(RunProvFuzzJar.scala:68),runners.RunProvFuzzJar.main(RunProvFuzzJar.scala)
