1,java.lang.NumberFormatException : sun.misc.FloatingDecimal.readJavaFormatString(FloatingDecimal.java:1842),sun.misc.FloatingDecimal.parseFloat(FloatingDecimal.java:122),java.lang.Float.parseFloat(Float.java:451),scala.collection.immutable.StringLike.toFloat(StringLike.scala:312),scala.collection.immutable.StringLike.toFloat$(StringLike.scala:312),scala.collection.immutable.StringOps.toFloat(StringOps.scala:29),examples.faulty.CommuteType$.$anonfun$main$2(CommuteType.scala:24),scala.collection.TraversableLike.$anonfun$map$1(TraversableLike.scala:234),scala.collection.immutable.List.foreach(List.scala:389),scala.collection.TraversableLike.map(TraversableLike.scala:234),scala.collection.TraversableLike.map$(TraversableLike.scala:227),scala.collection.immutable.List.map(List.scala:295),abstraction.BaseRDD.map(BaseRDD.scala:22),abstraction.BaseRDD.map(BaseRDD.scala:6),examples.faulty.CommuteType$.main(CommuteType.scala:23),runners.Config$.$anonfun$mapFunFuzzables$6(Config.scala:143),runners.Config$.$anonfun$mapFunFuzzables$6$adapted(Config.scala:143),fuzzer.Fuzzer$.Fuzz(Fuzzer.scala:60),runners.RunProvFuzzJar$.main(RunProvFuzzJar.scala:66),runners.RunProvFuzzJar.main(RunProvFuzzJar.scala)
2,java.lang.ArrayIndexOutOfBoundsException : examples.faulty.CommuteType$.$anonfun$main$2(CommuteType.scala:24),scala.collection.TraversableLike.$anonfun$map$1(TraversableLike.scala:234),scala.collection.immutable.List.foreach(List.scala:389),scala.collection.TraversableLike.map(TraversableLike.scala:234),scala.collection.TraversableLike.map$(TraversableLike.scala:227),scala.collection.immutable.List.map(List.scala:295),abstraction.BaseRDD.map(BaseRDD.scala:22),abstraction.BaseRDD.map(BaseRDD.scala:6),examples.faulty.CommuteType$.main(CommuteType.scala:23),runners.Config$.$anonfun$mapFunFuzzables$6(Config.scala:143),runners.Config$.$anonfun$mapFunFuzzables$6$adapted(Config.scala:143),fuzzer.Fuzzer$.Fuzz(Fuzzer.scala:60),runners.RunProvFuzzJar$.main(RunProvFuzzJar.scala:66),runners.RunProvFuzzJar.main(RunProvFuzzJar.scala)
3,java.lang.NumberFormatException : sun.misc.FloatingDecimal.readJavaFormatString(FloatingDecimal.java:2043),sun.misc.FloatingDecimal.parseFloat(FloatingDecimal.java:122),java.lang.Float.parseFloat(Float.java:451),scala.collection.immutable.StringLike.toFloat(StringLike.scala:312),scala.collection.immutable.StringLike.toFloat$(StringLike.scala:312),scala.collection.immutable.StringOps.toFloat(StringOps.scala:29),examples.faulty.CommuteType$.$anonfun$main$2(CommuteType.scala:24),scala.collection.TraversableLike.$anonfun$map$1(TraversableLike.scala:234),scala.collection.immutable.List.foreach(List.scala:389),scala.collection.TraversableLike.map(TraversableLike.scala:234),scala.collection.TraversableLike.map$(TraversableLike.scala:227),scala.collection.immutable.List.map(List.scala:295),abstraction.BaseRDD.map(BaseRDD.scala:22),abstraction.BaseRDD.map(BaseRDD.scala:6),examples.faulty.CommuteType$.main(CommuteType.scala:23),runners.Config$.$anonfun$mapFunFuzzables$6(Config.scala:143),runners.Config$.$anonfun$mapFunFuzzables$6$adapted(Config.scala:143),fuzzer.Fuzzer$.Fuzz(Fuzzer.scala:60),runners.RunProvFuzzJar$.main(RunProvFuzzJar.scala:66),runners.RunProvFuzzJar.main(RunProvFuzzJar.scala)
28,java.lang.RuntimeException : examples.faulty.CommuteType$.$anonfun$main$4(CommuteType.scala:45),examples.faulty.CommuteType$.$anonfun$main$4$adapted(CommuteType.scala:44),scala.collection.LinearSeqOptimized.foldLeft(LinearSeqOptimized.scala:122),scala.collection.LinearSeqOptimized.foldLeft$(LinearSeqOptimized.scala:118),scala.collection.immutable.List.foldLeft(List.scala:86),scala.collection.TraversableOnce.aggregate(TraversableOnce.scala:214),scala.collection.TraversableOnce.aggregate$(TraversableOnce.scala:214),scala.collection.AbstractTraversable.aggregate(Traversable.scala:104),abstraction.BasePairRDD.$anonfun$aggregateByKey$4(BasePairRDD.scala:34),scala.collection.TraversableLike.$anonfun$map$1(TraversableLike.scala:234),scala.collection.immutable.Map$Map3.foreach(Map.scala:176),scala.collection.TraversableLike.map(TraversableLike.scala:234),scala.collection.TraversableLike.map$(TraversableLike.scala:227),scala.collection.AbstractTraversable.map(Traversable.scala:104),abstraction.BasePairRDD.aggregateByKey(BasePairRDD.scala:34),examples.faulty.CommuteType$.main(CommuteType.scala:43),runners.Config$.$anonfun$mapFunFuzzables$6(Config.scala:143),runners.Config$.$anonfun$mapFunFuzzables$6$adapted(Config.scala:143),fuzzer.Fuzzer$.Fuzz(Fuzzer.scala:60),runners.RunProvFuzzJar$.main(RunProvFuzzJar.scala:66),runners.RunProvFuzzJar.main(RunProvFuzzJar.scala)
29,java.lang.ArrayIndexOutOfBoundsException : 
