3,java.lang.RuntimeException : examples.faulty.NumberSeries$.$anonfun$main$4(NumberSeries.scala:41),examples.faulty.NumberSeries$.$anonfun$main$4$adapted(NumberSeries.scala:39),scala.collection.TraversableLike.$anonfun$filterImpl$1(TraversableLike.scala:248),scala.collection.immutable.List.foreach(List.scala:389),scala.collection.TraversableLike.filterImpl(TraversableLike.scala:247),scala.collection.TraversableLike.filterImpl$(TraversableLike.scala:245),scala.collection.AbstractTraversable.filterImpl(Traversable.scala:104),scala.collection.TraversableLike.filter(TraversableLike.scala:259),scala.collection.TraversableLike.filter$(TraversableLike.scala:259),scala.collection.AbstractTraversable.filter(Traversable.scala:104),abstraction.BaseRDD.filter(BaseRDD.scala:12),abstraction.BaseRDD.filter(BaseRDD.scala:6),examples.faulty.NumberSeries$.main(NumberSeries.scala:39),runners.Config$.$anonfun$mapFunFuzzables$15(Config.scala:149),runners.Config$.$anonfun$mapFunFuzzables$15$adapted(Config.scala:149),fuzzer.Fuzzer$.Fuzz(Fuzzer.scala:60),runners.RunProvFuzzJar$.main(RunProvFuzzJar.scala:68),runners.RunProvFuzzJar.main(RunProvFuzzJar.scala)
20,java.lang.RuntimeException : examples.faulty.NumberSeries$.$anonfun$main$3(NumberSeries.scala:35),examples.faulty.NumberSeries$.$anonfun$main$3$adapted(NumberSeries.scala:18),scala.collection.TraversableLike.$anonfun$map$1(TraversableLike.scala:234),scala.collection.immutable.List.foreach(List.scala:389),scala.collection.TraversableLike.map(TraversableLike.scala:234),scala.collection.TraversableLike.map$(TraversableLike.scala:227),scala.collection.immutable.List.map(List.scala:295),abstraction.BaseRDD.map(BaseRDD.scala:22),abstraction.BaseRDD.map(BaseRDD.scala:6),examples.faulty.NumberSeries$.main(NumberSeries.scala:18),runners.Config$.$anonfun$mapFunFuzzables$15(Config.scala:149),runners.Config$.$anonfun$mapFunFuzzables$15$adapted(Config.scala:149),fuzzer.Fuzzer$.Fuzz(Fuzzer.scala:60),runners.RunProvFuzzJar$.main(RunProvFuzzJar.scala:68),runners.RunProvFuzzJar.main(RunProvFuzzJar.scala)
562,java.lang.ArrayIndexOutOfBoundsException : examples.faulty.NumberSeries$.$anonfun$main$2(NumberSeries.scala:17),examples.faulty.NumberSeries$.$anonfun$main$2$adapted(NumberSeries.scala:16),scala.collection.TraversableLike.$anonfun$map$1(TraversableLike.scala:234),scala.collection.immutable.List.foreach(List.scala:389),scala.collection.TraversableLike.map(TraversableLike.scala:234),scala.collection.TraversableLike.map$(TraversableLike.scala:227),scala.collection.immutable.List.map(List.scala:295),abstraction.BaseRDD.map(BaseRDD.scala:22),abstraction.BaseRDD.map(BaseRDD.scala:6),examples.faulty.NumberSeries$.main(NumberSeries.scala:16),runners.Config$.$anonfun$mapFunFuzzables$15(Config.scala:149),runners.Config$.$anonfun$mapFunFuzzables$15$adapted(Config.scala:149),fuzzer.Fuzzer$.Fuzz(Fuzzer.scala:60),runners.RunProvFuzzJar$.main(RunProvFuzzJar.scala:68),runners.RunProvFuzzJar.main(RunProvFuzzJar.scala)
731,java.lang.ArrayIndexOutOfBoundsException : 
959,java.lang.NumberFormatException : java.lang.NumberFormatException.forInputString(NumberFormatException.java:65),java.lang.Integer.parseInt(Integer.java:580),java.lang.Integer.parseInt(Integer.java:615),scala.collection.immutable.StringLike.toInt(StringLike.scala:301),scala.collection.immutable.StringLike.toInt$(StringLike.scala:301),scala.collection.immutable.StringOps.toInt(StringOps.scala:29),examples.faulty.NumberSeries$.$anonfun$main$2(NumberSeries.scala:17),examples.faulty.NumberSeries$.$anonfun$main$2$adapted(NumberSeries.scala:16),scala.collection.TraversableLike.$anonfun$map$1(TraversableLike.scala:234),scala.collection.immutable.List.foreach(List.scala:389),scala.collection.TraversableLike.map(TraversableLike.scala:234),scala.collection.TraversableLike.map$(TraversableLike.scala:227),scala.collection.immutable.List.map(List.scala:295),abstraction.BaseRDD.map(BaseRDD.scala:22),abstraction.BaseRDD.map(BaseRDD.scala:6),examples.faulty.NumberSeries$.main(NumberSeries.scala:16),runners.Config$.$anonfun$mapFunFuzzables$15(Config.scala:149),runners.Config$.$anonfun$mapFunFuzzables$15$adapted(Config.scala:149),fuzzer.Fuzzer$.Fuzz(Fuzzer.scala:60),runners.RunProvFuzzJar$.main(RunProvFuzzJar.scala:68),runners.RunProvFuzzJar.main(RunProvFuzzJar.scala)
