7,java.lang.NumberFormatException : java.lang.NumberFormatException.forInputString(NumberFormatException.java:65),java.lang.Integer.parseInt(Integer.java:592),java.lang.Integer.parseInt(Integer.java:615),examples.faulty.CommuteTypeFull$.$anonfun$main$1(CommuteTypeFull.scala:23),scala.collection.TraversableLike.$anonfun$map$1(TraversableLike.scala:234),scala.collection.immutable.List.foreach(List.scala:389),scala.collection.TraversableLike.map(TraversableLike.scala:234),scala.collection.TraversableLike.map$(TraversableLike.scala:227),scala.collection.immutable.List.map(List.scala:295),abstraction.BaseRDD.map(BaseRDD.scala:22),abstraction.BaseRDD.map(BaseRDD.scala:6),examples.faulty.CommuteTypeFull$.main(CommuteTypeFull.scala:21),runners.Config$.$anonfun$mapFunFuzzables$7(Config.scala:149),runners.Config$.$anonfun$mapFunFuzzables$7$adapted(Config.scala:149),fuzzer.Fuzzer$.Fuzz(Fuzzer.scala:60),runners.RunBigFuzzJar$.main(RunBigFuzzJar.scala:34),runners.RunBigFuzzJar.main(RunBigFuzzJar.scala)
13,java.lang.NumberFormatException : java.lang.NumberFormatException.forInputString(NumberFormatException.java:65),java.lang.Integer.parseInt(Integer.java:580),java.lang.Integer.parseInt(Integer.java:615),examples.faulty.CommuteTypeFull$.$anonfun$main$1(CommuteTypeFull.scala:23),scala.collection.TraversableLike.$anonfun$map$1(TraversableLike.scala:234),scala.collection.immutable.List.foreach(List.scala:389),scala.collection.TraversableLike.map(TraversableLike.scala:234),scala.collection.TraversableLike.map$(TraversableLike.scala:227),scala.collection.immutable.List.map(List.scala:295),abstraction.BaseRDD.map(BaseRDD.scala:22),abstraction.BaseRDD.map(BaseRDD.scala:6),examples.faulty.CommuteTypeFull$.main(CommuteTypeFull.scala:21),runners.Config$.$anonfun$mapFunFuzzables$7(Config.scala:149),runners.Config$.$anonfun$mapFunFuzzables$7$adapted(Config.scala:149),fuzzer.Fuzzer$.Fuzz(Fuzzer.scala:60),runners.RunBigFuzzJar$.main(RunBigFuzzJar.scala:34),runners.RunBigFuzzJar.main(RunBigFuzzJar.scala)
42,java.lang.ArrayIndexOutOfBoundsException : examples.faulty.CommuteTypeFull$.$anonfun$main$1(CommuteTypeFull.scala:23),scala.collection.TraversableLike.$anonfun$map$1(TraversableLike.scala:234),scala.collection.immutable.List.foreach(List.scala:389),scala.collection.TraversableLike.map(TraversableLike.scala:234),scala.collection.TraversableLike.map$(TraversableLike.scala:227),scala.collection.immutable.List.map(List.scala:295),abstraction.BaseRDD.map(BaseRDD.scala:22),abstraction.BaseRDD.map(BaseRDD.scala:6),examples.faulty.CommuteTypeFull$.main(CommuteTypeFull.scala:21),runners.Config$.$anonfun$mapFunFuzzables$7(Config.scala:149),runners.Config$.$anonfun$mapFunFuzzables$7$adapted(Config.scala:149),fuzzer.Fuzzer$.Fuzz(Fuzzer.scala:60),runners.RunBigFuzzJar$.main(RunBigFuzzJar.scala:34),runners.RunBigFuzzJar.main(RunBigFuzzJar.scala)
3757,java.lang.ArrayIndexOutOfBoundsException : 
100464,java.lang.RuntimeException : examples.faulty.CommuteTypeFull$.$anonfun$main$4(CommuteTypeFull.scala:33),examples.faulty.CommuteTypeFull$.$anonfun$main$4$adapted(CommuteTypeFull.scala:32),scala.collection.TraversableLike.$anonfun$filterImpl$1(TraversableLike.scala:248),scala.collection.immutable.List.foreach(List.scala:389),scala.collection.TraversableLike.filterImpl(TraversableLike.scala:247),scala.collection.TraversableLike.filterImpl$(TraversableLike.scala:245),scala.collection.AbstractTraversable.filterImpl(Traversable.scala:104),scala.collection.TraversableLike.filter(TraversableLike.scala:259),scala.collection.TraversableLike.filter$(TraversableLike.scala:259),scala.collection.AbstractTraversable.filter(Traversable.scala:104),abstraction.BaseRDD.filter(BaseRDD.scala:12),abstraction.BaseRDD.filter(BaseRDD.scala:6),examples.faulty.CommuteTypeFull$.main(CommuteTypeFull.scala:32),runners.Config$.$anonfun$mapFunFuzzables$7(Config.scala:149),runners.Config$.$anonfun$mapFunFuzzables$7$adapted(Config.scala:149),fuzzer.Fuzzer$.Fuzz(Fuzzer.scala:60),runners.RunBigFuzzJar$.main(RunBigFuzzJar.scala:34),runners.RunBigFuzzJar.main(RunBigFuzzJar.scala)
