5,java.lang.ArrayIndexOutOfBoundsException : examples.faulty.MovieRating$$anonfun$main$3.apply(MovieRating.scala:24),examples.faulty.MovieRating$$anonfun$main$3.apply(MovieRating.scala:22),scala.collection.TraversableLike$$anonfun$map$1.apply(TraversableLike.scala:234),scala.collection.TraversableLike$$anonfun$map$1.apply(TraversableLike.scala:234),scala.collection.immutable.List.foreach(List.scala:381),scala.collection.TraversableLike$class.map(TraversableLike.scala:234),scala.collection.immutable.List.map(List.scala:285),abstraction.BaseRDD.map(BaseRDD.scala:17),abstraction.BaseRDD.map(BaseRDD.scala:6),examples.faulty.MovieRating$.main(MovieRating.scala:22),runners.Config$$anonfun$14.apply(Config.scala:77),runners.Config$$anonfun$14.apply(Config.scala:77),fuzzer.Fuzzer$.Fuzz(Fuzzer.scala:60),runners.RunBigFuzzJar$.main(RunBigFuzzJar.scala:34),runners.RunBigFuzzJar.main(RunBigFuzzJar.scala)
9,java.lang.NumberFormatException : java.lang.NumberFormatException.forInputString(NumberFormatException.java:65),java.lang.Integer.parseInt(Integer.java:580),java.lang.Integer.parseInt(Integer.java:615),scala.collection.immutable.StringLike$class.toInt(StringLike.scala:272),scala.collection.immutable.StringOps.toInt(StringOps.scala:29),examples.faulty.MovieRating$$anonfun$main$3.apply(MovieRating.scala:25),examples.faulty.MovieRating$$anonfun$main$3.apply(MovieRating.scala:22),scala.collection.TraversableLike$$anonfun$map$1.apply(TraversableLike.scala:234),scala.collection.TraversableLike$$anonfun$map$1.apply(TraversableLike.scala:234),scala.collection.immutable.List.foreach(List.scala:381),scala.collection.TraversableLike$class.map(TraversableLike.scala:234),scala.collection.immutable.List.map(List.scala:285),abstraction.BaseRDD.map(BaseRDD.scala:17),abstraction.BaseRDD.map(BaseRDD.scala:6),examples.faulty.MovieRating$.main(MovieRating.scala:22),runners.Config$$anonfun$14.apply(Config.scala:77),runners.Config$$anonfun$14.apply(Config.scala:77),fuzzer.Fuzzer$.Fuzz(Fuzzer.scala:60),runners.RunBigFuzzJar$.main(RunBigFuzzJar.scala:34),runners.RunBigFuzzJar.main(RunBigFuzzJar.scala)
183,java.lang.RuntimeException : examples.faulty.MovieRating$$anonfun$main$4.apply(MovieRating.scala:28),examples.faulty.MovieRating$$anonfun$main$4.apply(MovieRating.scala:27),scala.collection.TraversableLike$$anonfun$filterImpl$1.apply(TraversableLike.scala:248),scala.collection.immutable.List.foreach(List.scala:381),scala.collection.TraversableLike$class.filterImpl(TraversableLike.scala:247),scala.collection.TraversableLike$class.filter(TraversableLike.scala:259),scala.collection.AbstractTraversable.filter(Traversable.scala:104),abstraction.BaseRDD.filter(BaseRDD.scala:13),abstraction.BaseRDD.filter(BaseRDD.scala:6),examples.faulty.MovieRating$.main(MovieRating.scala:27),runners.Config$$anonfun$14.apply(Config.scala:77),runners.Config$$anonfun$14.apply(Config.scala:77),fuzzer.Fuzzer$.Fuzz(Fuzzer.scala:60),runners.RunBigFuzzJar$.main(RunBigFuzzJar.scala:34),runners.RunBigFuzzJar.main(RunBigFuzzJar.scala)
315,java.lang.ArrayIndexOutOfBoundsException : examples.faulty.MovieRating$$anonfun$main$3.apply(MovieRating.scala:23),examples.faulty.MovieRating$$anonfun$main$3.apply(MovieRating.scala:22),scala.collection.TraversableLike$$anonfun$map$1.apply(TraversableLike.scala:234),scala.collection.TraversableLike$$anonfun$map$1.apply(TraversableLike.scala:234),scala.collection.immutable.List.foreach(List.scala:381),scala.collection.TraversableLike$class.map(TraversableLike.scala:234),scala.collection.immutable.List.map(List.scala:285),abstraction.BaseRDD.map(BaseRDD.scala:17),abstraction.BaseRDD.map(BaseRDD.scala:6),examples.faulty.MovieRating$.main(MovieRating.scala:22),runners.Config$$anonfun$14.apply(Config.scala:77),runners.Config$$anonfun$14.apply(Config.scala:77),fuzzer.Fuzzer$.Fuzz(Fuzzer.scala:60),runners.RunBigFuzzJar$.main(RunBigFuzzJar.scala:34),runners.RunBigFuzzJar.main(RunBigFuzzJar.scala)
1446,java.lang.ArrayIndexOutOfBoundsException : 
