9,java.lang.NumberFormatException : java.lang.NumberFormatException.forInputString(NumberFormatException.java:65),java.lang.Integer.parseInt(Integer.java:580),java.lang.Integer.parseInt(Integer.java:615),scala.collection.immutable.StringLike.toInt(StringLike.scala:301),scala.collection.immutable.StringLike.toInt$(StringLike.scala:301),scala.collection.immutable.StringOps.toInt(StringOps.scala:29),examples.faulty.NumberSeries$.$anonfun$main$2(NumberSeries.scala:17),examples.faulty.NumberSeries$.$anonfun$main$2$adapted(NumberSeries.scala:16),scala.collection.TraversableLike.$anonfun$map$1(TraversableLike.scala:234),scala.collection.immutable.List.foreach(List.scala:389),scala.collection.TraversableLike.map(TraversableLike.scala:234),scala.collection.TraversableLike.map$(TraversableLike.scala:227),scala.collection.immutable.List.map(List.scala:295),abstraction.BaseRDD.map(BaseRDD.scala:22),abstraction.BaseRDD.map(BaseRDD.scala:6),examples.faulty.NumberSeries$.main(NumberSeries.scala:16),runners.Config$.$anonfun$mapFunFuzzables$16(Config.scala:155),runners.Config$.$anonfun$mapFunFuzzables$16$adapted(Config.scala:155),fuzzer.Fuzzer$.Fuzz(Fuzzer.scala:60),runners.RunBigFuzzJar$.main(RunBigFuzzJar.scala:34),runners.RunBigFuzzJar.main(RunBigFuzzJar.scala)
10,java.lang.ArrayIndexOutOfBoundsException : examples.faulty.NumberSeries$.$anonfun$main$2(NumberSeries.scala:17),examples.faulty.NumberSeries$.$anonfun$main$2$adapted(NumberSeries.scala:16),scala.collection.TraversableLike.$anonfun$map$1(TraversableLike.scala:234),scala.collection.immutable.List.foreach(List.scala:389),scala.collection.TraversableLike.map(TraversableLike.scala:234),scala.collection.TraversableLike.map$(TraversableLike.scala:227),scala.collection.immutable.List.map(List.scala:295),abstraction.BaseRDD.map(BaseRDD.scala:22),abstraction.BaseRDD.map(BaseRDD.scala:6),examples.faulty.NumberSeries$.main(NumberSeries.scala:16),runners.Config$.$anonfun$mapFunFuzzables$16(Config.scala:155),runners.Config$.$anonfun$mapFunFuzzables$16$adapted(Config.scala:155),fuzzer.Fuzzer$.Fuzz(Fuzzer.scala:60),runners.RunBigFuzzJar$.main(RunBigFuzzJar.scala:34),runners.RunBigFuzzJar.main(RunBigFuzzJar.scala)
116,java.lang.RuntimeException : examples.faulty.NumberSeries$.filter1(NumberSeries.scala:53),examples.faulty.NumberSeries$.$anonfun$main$4(NumberSeries.scala:23),examples.faulty.NumberSeries$.$anonfun$main$4$adapted(NumberSeries.scala:21),scala.collection.TraversableLike.$anonfun$filterImpl$1(TraversableLike.scala:248),scala.collection.immutable.List.foreach(List.scala:389),scala.collection.TraversableLike.filterImpl(TraversableLike.scala:247),scala.collection.TraversableLike.filterImpl$(TraversableLike.scala:245),scala.collection.AbstractTraversable.filterImpl(Traversable.scala:104),scala.collection.TraversableLike.filter(TraversableLike.scala:259),scala.collection.TraversableLike.filter$(TraversableLike.scala:259),scala.collection.AbstractTraversable.filter(Traversable.scala:104),abstraction.BaseRDD.filter(BaseRDD.scala:12),abstraction.BaseRDD.filter(BaseRDD.scala:6),examples.faulty.NumberSeries$.main(NumberSeries.scala:21),runners.Config$.$anonfun$mapFunFuzzables$16(Config.scala:155),runners.Config$.$anonfun$mapFunFuzzables$16$adapted(Config.scala:155),fuzzer.Fuzzer$.Fuzz(Fuzzer.scala:60),runners.RunBigFuzzJar$.main(RunBigFuzzJar.scala:34),runners.RunBigFuzzJar.main(RunBigFuzzJar.scala)
1879,java.lang.RuntimeException : examples.faulty.NumberSeries$.map1(NumberSeries.scala:47),examples.faulty.NumberSeries$.$anonfun$main$3(NumberSeries.scala:19),examples.faulty.NumberSeries$.$anonfun$main$3$adapted(NumberSeries.scala:18),scala.collection.TraversableLike.$anonfun$map$1(TraversableLike.scala:234),scala.collection.immutable.List.foreach(List.scala:389),scala.collection.TraversableLike.map(TraversableLike.scala:234),scala.collection.TraversableLike.map$(TraversableLike.scala:227),scala.collection.immutable.List.map(List.scala:295),abstraction.BaseRDD.map(BaseRDD.scala:22),abstraction.BaseRDD.map(BaseRDD.scala:6),examples.faulty.NumberSeries$.main(NumberSeries.scala:18),runners.Config$.$anonfun$mapFunFuzzables$16(Config.scala:155),runners.Config$.$anonfun$mapFunFuzzables$16$adapted(Config.scala:155),fuzzer.Fuzzer$.Fuzz(Fuzzer.scala:60),runners.RunBigFuzzJar$.main(RunBigFuzzJar.scala:34),runners.RunBigFuzzJar.main(RunBigFuzzJar.scala)
3804,java.lang.ArrayIndexOutOfBoundsException : 
