3,Crash_da39a3ee5e6b4b0d3255bfef95601890afd80709.java
10,Crash_cfa7375ca2109c3e97d869361d80816da5099a21.java
21,Crash_f8d19abe0dcd7ca0dbf0b55ce1b257d528993a41.java
1085,Crash_dc19d65d7620356a960ef3ba6e55e55cfc02fa59.java
1404,Crash_71853c6197a6a7f222db0f1978c7cb232b87c5ee.java
2927,Crash_1d58df810f202b7cd67ce82c61a3c2286a469ad0.java
3084,Crash_10bbcf75a071f50f6c3efc35ad19d226631d5fdf.java
3282,Crash_4cbbe7d064e3248227b1859a9d4f0eda1e279063.java
7324,Crash_9a3263c5d424f421193b0e0e94d73e13729fc71e.java
