39,scala.MatchError : examples.faulty.Customers$$anonfun$4.apply(Customers.scala:32),examples.faulty.Customers$$anonfun$4.apply(Customers.scala:32),scala.collection.TraversableLike$$anonfun$map$1.apply(TraversableLike.scala:234),scala.collection.TraversableLike$$anonfun$map$1.apply(TraversableLike.scala:234),scala.collection.immutable.List.foreach(List.scala:381),scala.collection.TraversableLike$class.map(TraversableLike.scala:234),scala.collection.immutable.List.map(List.scala:285),abstraction.BaseRDD.map(BaseRDD.scala:17),abstraction.BaseRDD.map(BaseRDD.scala:6),examples.faulty.Customers$.main(Customers.scala:32),runners.Config$$anonfun$10.apply(Config.scala:71),runners.Config$$anonfun$10.apply(Config.scala:71),fuzzer.Fuzzer$.Fuzz(Fuzzer.scala:60),runners.RunBigFuzzJar$.main(RunBigFuzzJar.scala:34),runners.RunBigFuzzJar.main(RunBigFuzzJar.scala)
751,java.lang.ArrayIndexOutOfBoundsException : examples.faulty.Customers$$anonfun$3.apply(Customers.scala:28),examples.faulty.Customers$$anonfun$3.apply(Customers.scala:27),scala.collection.TraversableLike$$anonfun$map$1.apply(TraversableLike.scala:234),scala.collection.TraversableLike$$anonfun$map$1.apply(TraversableLike.scala:234),scala.collection.immutable.List.foreach(List.scala:381),scala.collection.TraversableLike$class.map(TraversableLike.scala:234),scala.collection.immutable.List.map(List.scala:285),abstraction.BaseRDD.map(BaseRDD.scala:17),abstraction.BaseRDD.map(BaseRDD.scala:6),examples.faulty.Customers$.main(Customers.scala:26),runners.Config$$anonfun$10.apply(Config.scala:71),runners.Config$$anonfun$10.apply(Config.scala:71),fuzzer.Fuzzer$.Fuzz(Fuzzer.scala:60),runners.RunBigFuzzJar$.main(RunBigFuzzJar.scala:34),runners.RunBigFuzzJar.main(RunBigFuzzJar.scala)
4099,java.lang.ArrayIndexOutOfBoundsException : 
5054,java.lang.NumberFormatException : java.lang.NumberFormatException.forInputString(NumberFormatException.java:65),java.lang.Integer.parseInt(Integer.java:592),java.lang.Integer.parseInt(Integer.java:615),scala.collection.immutable.StringLike$class.toInt(StringLike.scala:272),scala.collection.immutable.StringOps.toInt(StringOps.scala:29),examples.faulty.Customers$$anonfun$5.apply(Customers.scala:39),examples.faulty.Customers$$anonfun$5.apply(Customers.scala:37),scala.collection.TraversableLike$$anonfun$filterImpl$1.apply(TraversableLike.scala:248),scala.collection.immutable.List.foreach(List.scala:381),scala.collection.TraversableLike$class.filterImpl(TraversableLike.scala:247),scala.collection.TraversableLike$class.filter(TraversableLike.scala:259),scala.collection.AbstractTraversable.filter(Traversable.scala:104),abstraction.BasePairRDD.filter(BasePairRDD.scala:9),examples.faulty.Customers$.main(Customers.scala:37),runners.Config$$anonfun$10.apply(Config.scala:71),runners.Config$$anonfun$10.apply(Config.scala:71),fuzzer.Fuzzer$.Fuzz(Fuzzer.scala:60),runners.RunBigFuzzJar$.main(RunBigFuzzJar.scala:34),runners.RunBigFuzzJar.main(RunBigFuzzJar.scala)
20356,java.lang.NumberFormatException : java.lang.NumberFormatException.forInputString(NumberFormatException.java:65),java.lang.Integer.parseInt(Integer.java:580),java.lang.Integer.parseInt(Integer.java:615),scala.collection.immutable.StringLike$class.toInt(StringLike.scala:272),scala.collection.immutable.StringOps.toInt(StringOps.scala:29),examples.faulty.Customers$$anonfun$5.apply(Customers.scala:39),examples.faulty.Customers$$anonfun$5.apply(Customers.scala:37),scala.collection.TraversableLike$$anonfun$filterImpl$1.apply(TraversableLike.scala:248),scala.collection.immutable.List.foreach(List.scala:381),scala.collection.TraversableLike$class.filterImpl(TraversableLike.scala:247),scala.collection.TraversableLike$class.filter(TraversableLike.scala:259),scala.collection.AbstractTraversable.filter(Traversable.scala:104),abstraction.BasePairRDD.filter(BasePairRDD.scala:9),examples.faulty.Customers$.main(Customers.scala:37),runners.Config$$anonfun$10.apply(Config.scala:71),runners.Config$$anonfun$10.apply(Config.scala:71),fuzzer.Fuzzer$.Fuzz(Fuzzer.scala:60),runners.RunBigFuzzJar$.main(RunBigFuzzJar.scala:34),runners.RunBigFuzzJar.main(RunBigFuzzJar.scala)
