1,java.lang.ArrayIndexOutOfBoundsException : examples.faulty.AgeAnalysis$.$anonfun$main$2(AgeAnalysis.scala:17),scala.collection.TraversableLike.$anonfun$map$1(TraversableLike.scala:234),scala.collection.immutable.List.foreach(List.scala:389),scala.collection.TraversableLike.map(TraversableLike.scala:234),scala.collection.TraversableLike.map$(TraversableLike.scala:227),scala.collection.immutable.List.map(List.scala:295),abstraction.BaseRDD.map(BaseRDD.scala:22),abstraction.BaseRDD.map(BaseRDD.scala:6),examples.faulty.AgeAnalysis$.main(AgeAnalysis.scala:15),runners.Config$.$anonfun$mapFunFuzzables$17(Config.scala:156),runners.Config$.$anonfun$mapFunFuzzables$17$adapted(Config.scala:156),fuzzer.Fuzzer$.Fuzz(Fuzzer.scala:60),runners.RunBigFuzzJar$.main(RunBigFuzzJar.scala:34),runners.RunBigFuzzJar.main(RunBigFuzzJar.scala)
3,java.lang.NumberFormatException : java.lang.NumberFormatException.forInputString(NumberFormatException.java:65),java.lang.Integer.parseInt(Integer.java:580),java.lang.Integer.parseInt(Integer.java:615),scala.collection.immutable.StringLike.toInt(StringLike.scala:301),scala.collection.immutable.StringLike.toInt$(StringLike.scala:301),scala.collection.immutable.StringOps.toInt(StringOps.scala:29),examples.faulty.AgeAnalysis$.$anonfun$main$2(AgeAnalysis.scala:17),scala.collection.TraversableLike.$anonfun$map$1(TraversableLike.scala:234),scala.collection.immutable.List.foreach(List.scala:389),scala.collection.TraversableLike.map(TraversableLike.scala:234),scala.collection.TraversableLike.map$(TraversableLike.scala:227),scala.collection.immutable.List.map(List.scala:295),abstraction.BaseRDD.map(BaseRDD.scala:22),abstraction.BaseRDD.map(BaseRDD.scala:6),examples.faulty.AgeAnalysis$.main(AgeAnalysis.scala:15),runners.Config$.$anonfun$mapFunFuzzables$17(Config.scala:156),runners.Config$.$anonfun$mapFunFuzzables$17$adapted(Config.scala:156),fuzzer.Fuzzer$.Fuzz(Fuzzer.scala:60),runners.RunBigFuzzJar$.main(RunBigFuzzJar.scala:34),runners.RunBigFuzzJar.main(RunBigFuzzJar.scala)
5,java.lang.NumberFormatException : java.lang.NumberFormatException.forInputString(NumberFormatException.java:65),java.lang.Integer.parseInt(Integer.java:592),java.lang.Integer.parseInt(Integer.java:615),scala.collection.immutable.StringLike.toInt(StringLike.scala:301),scala.collection.immutable.StringLike.toInt$(StringLike.scala:301),scala.collection.immutable.StringOps.toInt(StringOps.scala:29),examples.faulty.AgeAnalysis$.$anonfun$main$2(AgeAnalysis.scala:17),scala.collection.TraversableLike.$anonfun$map$1(TraversableLike.scala:234),scala.collection.immutable.List.foreach(List.scala:389),scala.collection.TraversableLike.map(TraversableLike.scala:234),scala.collection.TraversableLike.map$(TraversableLike.scala:227),scala.collection.immutable.List.map(List.scala:295),abstraction.BaseRDD.map(BaseRDD.scala:22),abstraction.BaseRDD.map(BaseRDD.scala:6),examples.faulty.AgeAnalysis$.main(AgeAnalysis.scala:15),runners.Config$.$anonfun$mapFunFuzzables$17(Config.scala:156),runners.Config$.$anonfun$mapFunFuzzables$17$adapted(Config.scala:156),fuzzer.Fuzzer$.Fuzz(Fuzzer.scala:60),runners.RunBigFuzzJar$.main(RunBigFuzzJar.scala:34),runners.RunBigFuzzJar.main(RunBigFuzzJar.scala)
41,java.lang.NumberFormatException : java.lang.NumberFormatException.forInputString(NumberFormatException.java:65),java.lang.Integer.parseInt(Integer.java:580),java.lang.Integer.parseInt(Integer.java:615),scala.collection.immutable.StringLike.toInt(StringLike.scala:301),scala.collection.immutable.StringLike.toInt$(StringLike.scala:301),scala.collection.immutable.StringOps.toInt(StringOps.scala:29),examples.faulty.AgeAnalysis$.filter1(AgeAnalysis.scala:33),examples.faulty.AgeAnalysis$.$anonfun$main$3(AgeAnalysis.scala:20),examples.faulty.AgeAnalysis$.$anonfun$main$3$adapted(AgeAnalysis.scala:19),scala.collection.TraversableLike.$anonfun$filterImpl$1(TraversableLike.scala:248),scala.collection.immutable.List.foreach(List.scala:389),scala.collection.TraversableLike.filterImpl(TraversableLike.scala:247),scala.collection.TraversableLike.filterImpl$(TraversableLike.scala:245),scala.collection.AbstractTraversable.filterImpl(Traversable.scala:104),scala.collection.TraversableLike.filter(TraversableLike.scala:259),scala.collection.TraversableLike.filter$(TraversableLike.scala:259),scala.collection.AbstractTraversable.filter(Traversable.scala:104),abstraction.BaseRDD.filter(BaseRDD.scala:12),abstraction.BaseRDD.filter(BaseRDD.scala:6),examples.faulty.AgeAnalysis$.main(AgeAnalysis.scala:19),runners.Config$.$anonfun$mapFunFuzzables$17(Config.scala:156),runners.Config$.$anonfun$mapFunFuzzables$17$adapted(Config.scala:156),fuzzer.Fuzzer$.Fuzz(Fuzzer.scala:60),runners.RunBigFuzzJar$.main(RunBigFuzzJar.scala:34),runners.RunBigFuzzJar.main(RunBigFuzzJar.scala)
44,java.lang.RuntimeException : examples.faulty.AgeAnalysis$.filter1(AgeAnalysis.scala:33),examples.faulty.AgeAnalysis$.$anonfun$main$3(AgeAnalysis.scala:20),examples.faulty.AgeAnalysis$.$anonfun$main$3$adapted(AgeAnalysis.scala:19),scala.collection.TraversableLike.$anonfun$filterImpl$1(TraversableLike.scala:248),scala.collection.immutable.List.foreach(List.scala:389),scala.collection.TraversableLike.filterImpl(TraversableLike.scala:247),scala.collection.TraversableLike.filterImpl$(TraversableLike.scala:245),scala.collection.AbstractTraversable.filterImpl(Traversable.scala:104),scala.collection.TraversableLike.filter(TraversableLike.scala:259),scala.collection.TraversableLike.filter$(TraversableLike.scala:259),scala.collection.AbstractTraversable.filter(Traversable.scala:104),abstraction.BaseRDD.filter(BaseRDD.scala:12),abstraction.BaseRDD.filter(BaseRDD.scala:6),examples.faulty.AgeAnalysis$.main(AgeAnalysis.scala:19),runners.Config$.$anonfun$mapFunFuzzables$17(Config.scala:156),runners.Config$.$anonfun$mapFunFuzzables$17$adapted(Config.scala:156),fuzzer.Fuzzer$.Fuzz(Fuzzer.scala:60),runners.RunBigFuzzJar$.main(RunBigFuzzJar.scala:34),runners.RunBigFuzzJar.main(RunBigFuzzJar.scala)
47,java.lang.NumberFormatException : java.lang.NumberFormatException.forInputString(NumberFormatException.java:65),java.lang.Integer.parseInt(Integer.java:592),java.lang.Integer.parseInt(Integer.java:615),scala.collection.immutable.StringLike.toInt(StringLike.scala:301),scala.collection.immutable.StringLike.toInt$(StringLike.scala:301),scala.collection.immutable.StringOps.toInt(StringOps.scala:29),examples.faulty.AgeAnalysis$.filter1(AgeAnalysis.scala:33),examples.faulty.AgeAnalysis$.$anonfun$main$3(AgeAnalysis.scala:20),examples.faulty.AgeAnalysis$.$anonfun$main$3$adapted(AgeAnalysis.scala:19),scala.collection.TraversableLike.$anonfun$filterImpl$1(TraversableLike.scala:248),scala.collection.immutable.List.foreach(List.scala:389),scala.collection.TraversableLike.filterImpl(TraversableLike.scala:247),scala.collection.TraversableLike.filterImpl$(TraversableLike.scala:245),scala.collection.AbstractTraversable.filterImpl(Traversable.scala:104),scala.collection.TraversableLike.filter(TraversableLike.scala:259),scala.collection.TraversableLike.filter$(TraversableLike.scala:259),scala.collection.AbstractTraversable.filter(Traversable.scala:104),abstraction.BaseRDD.filter(BaseRDD.scala:12),abstraction.BaseRDD.filter(BaseRDD.scala:6),examples.faulty.AgeAnalysis$.main(AgeAnalysis.scala:19),runners.Config$.$anonfun$mapFunFuzzables$17(Config.scala:156),runners.Config$.$anonfun$mapFunFuzzables$17$adapted(Config.scala:156),fuzzer.Fuzzer$.Fuzz(Fuzzer.scala:60),runners.RunBigFuzzJar$.main(RunBigFuzzJar.scala:34),runners.RunBigFuzzJar.main(RunBigFuzzJar.scala)
2142,java.lang.ArrayIndexOutOfBoundsException : 
